point_count,time,bandwidth,bandwidth_average,bandwidth_variance,npackets,npackets_average,npackets_variance,nflows,nflows_average,nflows_variance
1,0.05,8339280.0,7394937.590361446,22965508117184.555,41,4.307228915662651,26.676694730730148,4,1.5210843373493976,0.9363024386703441
2,0.15000000000000002,10538560.0,7394937.590361446,22965508117184.555,10,4.307228915662651,26.676694730730148,2,1.5210843373493976,0.9363024386703441
3,0.25,10517440.0,7394937.590361446,22965508117184.555,6,4.307228915662651,26.676694730730148,2,1.5210843373493976,0.9363024386703441
4,0.35000000000000003,10517440.0,7394937.590361446,22965508117184.555,6,4.307228915662651,26.676694730730148,2,1.5210843373493976,0.9363024386703441
5,0.45,10517440.0,7394937.590361446,22965508117184.555,6,4.307228915662651,26.676694730730148,2,1.5210843373493976,0.9363024386703441
6,0.55,0.0,7394937.590361446,22965508117184.555,0,4.307228915662651,26.676694730730148,0,1.5210843373493976,0.9363024386703441
7,0.6500000000000001,10517440.0,7394937.590361446,22965508117184.555,6,4.307228915662651,26.676694730730148,2,1.5210843373493976,0.9363024386703441
8,0.7500000000000001,10517440.0,7394937.590361446,22965508117184.555,6,4.307228915662651,26.676694730730148,2,1.5210843373493976,0.9363024386703441
9,0.8500000000000001,10517440.0,7394937.590361446,22965508117184.555,6,4.307228915662651,26.676694730730148,2,1.5210843373493976,0.9363024386703441
10,0.9500000000000001,10517440.0,7394937.590361446,22965508117184.555,6,4.307228915662651,26.676694730730148,2,1.5210843373493976,0.9363024386703441
11,1.05,10517440.0,7394937.590361446,22965508117184.555,6,4.307228915662651,26.676694730730148,2,1.5210843373493976,0.9363024386703441
12,1.1500000000000001,10512160.0,7394937.590361446,22965508117184.555,5,4.307228915662651,26.676694730730148,2,1.5210843373493976,0.9363024386703441
13,1.2500000000000002,5218080.0,7394937.590361446,22965508117184.555,1,4.307228915662651,26.676694730730148,1,1.5210843373493976,0.9363024386703441
14,1.35,5299360.0,7394937.590361446,22965508117184.555,5,4.307228915662651,26.676694730730148,2,1.5210843373493976,0.9363024386703441
15,1.4500000000000002,10512160.0,7394937.590361446,22965508117184.555,5,4.307228915662651,26.676694730730148,2,1.5210843373493976,0.9363024386703441
16,1.55,10512160.0,7394937.590361446,22965508117184.555,5,4.307228915662651,26.676694730730148,2,1.5210843373493976,0.9363024386703441
17,1.6500000000000001,10512160.0,7394937.590361446,22965508117184.555,5,4.307228915662651,26.676694730730148,2,1.5210843373493976,0.9363024386703441
18,1.7500000000000002,10512160.0,7394937.590361446,22965508117184.555,5,4.307228915662651,26.676694730730148,2,1.5210843373493976,0.9363024386703441
19,1.85,10512160.0,7394937.590361446,22965508117184.555,5,4.307228915662651,26.676694730730148,2,1.5210843373493976,0.9363024386703441
20,1.9500000000000002,10512160.0,7394937.590361446,22965508117184.555,5,4.307228915662651,26.676694730730148,2,1.5210843373493976,0.9363024386703441
21,2.05,0.0,7394937.590361446,22965508117184.555,0,4.307228915662651,26.676694730730148,0,1.5210843373493976,0.9363024386703441
22,2.15,10512160.0,7394937.590361446,22965508117184.555,5,4.307228915662651,26.676694730730148,2,1.5210843373493976,0.9363024386703441
23,2.25,10512160.0,7394937.590361446,22965508117184.555,5,4.307228915662651,26.676694730730148,2,1.5210843373493976,0.9363024386703441
24,2.35,10506880.0,7394937.590361446,22965508117184.555,4,4.307228915662651,26.676694730730148,2,1.5210843373493976,0.9363024386703441
25,2.45,10512160.0,7394937.590361446,22965508117184.555,5,4.307228915662651,26.676694730730148,2,1.5210843373493976,0.9363024386703441
26,2.55,10512160.0,7394937.590361446,22965508117184.555,5,4.307228915662651,26.676694730730148,2,1.5210843373493976,0.9363024386703441
27,2.65,10506880.0,7394937.590361446,22965508117184.555,4,4.307228915662651,26.676694730730148,2,1.5210843373493976,0.9363024386703441
28,2.75,0.0,7394937.590361446,22965508117184.555,0,4.307228915662651,26.676694730730148,0,1.5210843373493976,0.9363024386703441
29,2.85,10512160.0,7394937.590361446,22965508117184.555,5,4.307228915662651,26.676694730730148,2,1.5210843373493976,0.9363024386703441
30,2.95,10506880.0,7394937.590361446,22965508117184.555,4,4.307228915662651,26.676694730730148,2,1.5210843373493976,0.9363024386703441
31,3.05,10512160.0,7394937.590361446,22965508117184.555,5,4.307228915662651,26.676694730730148,2,1.5210843373493976,0.9363024386703441
32,3.15,10512160.0,7394937.590361446,22965508117184.555,5,4.307228915662651,26.676694730730148,2,1.5210843373493976,0.9363024386703441
33,3.25,10512160.0,7394937.590361446,22965508117184.555,5,4.307228915662651,26.676694730730148,2,1.5210843373493976,0.9363024386703441
34,3.35,10512160.0,7394937.590361446,22965508117184.555,5,4.307228915662651,26.676694730730148,2,1.5210843373493976,0.9363024386703441
35,3.45,0.0,7394937.590361446,22965508117184.555,0,4.307228915662651,26.676694730730148,0,1.5210843373493976,0.9363024386703441
36,3.55,10512160.0,7394937.590361446,22965508117184.555,5,4.307228915662651,26.676694730730148,2,1.5210843373493976,0.9363024386703441
37,3.65,10506880.0,7394937.590361446,22965508117184.555,4,4.307228915662651,26.676694730730148,2,1.5210843373493976,0.9363024386703441
38,3.75,10512160.0,7394937.590361446,22965508117184.555,5,4.307228915662651,26.676694730730148,2,1.5210843373493976,0.9363024386703441
39,3.85,10517440.0,7394937.590361446,22965508117184.555,6,4.307228915662651,26.676694730730148,2,1.5210843373493976,0.9363024386703441
40,3.95,10512160.0,7394937.590361446,22965508117184.555,5,4.307228915662651,26.676694730730148,2,1.5210843373493976,0.9363024386703441
41,4.05,10517440.0,7394937.590361446,22965508117184.555,6,4.307228915662651,26.676694730730148,2,1.5210843373493976,0.9363024386703441
42,4.15,0.0,7394937.590361446,22965508117184.555,0,4.307228915662651,26.676694730730148,0,1.5210843373493976,0.9363024386703441
43,4.25,10512160.0,7394937.590361446,22965508117184.555,5,4.307228915662651,26.676694730730148,2,1.5210843373493976,0.9363024386703441
44,4.35,10506880.0,7394937.590361446,22965508117184.555,4,4.307228915662651,26.676694730730148,2,1.5210843373493976,0.9363024386703441
45,4.45,10506880.0,7394937.590361446,22965508117184.555,4,4.307228915662651,26.676694730730148,2,1.5210843373493976,0.9363024386703441
46,4.55,10517760.0,7394937.590361446,22965508117184.555,6,4.307228915662651,26.676694730730148,3,1.5210843373493976,0.9363024386703441
47,4.65,10506880.0,7394937.590361446,22965508117184.555,4,4.307228915662651,26.676694730730148,2,1.5210843373493976,0.9363024386703441
48,4.75,10506880.0,7394937.590361446,22965508117184.555,4,4.307228915662651,26.676694730730148,2,1.5210843373493976,0.9363024386703441
49,4.8500000000000005,0.0,7394937.590361446,22965508117184.555,0,4.307228915662651,26.676694730730148,0,1.5210843373493976,0.9363024386703441
50,4.95,10512160.0,7394937.590361446,22965508117184.555,5,4.307228915662651,26.676694730730148,2,1.5210843373493976,0.9363024386703441
51,5.05,10512160.0,7394937.590361446,22965508117184.555,5,4.307228915662651,26.676694730730148,2,1.5210843373493976,0.9363024386703441
52,5.15,10512160.0,7394937.590361446,22965508117184.555,5,4.307228915662651,26.676694730730148,2,1.5210843373493976,0.9363024386703441
53,5.25,10512160.0,7394937.590361446,22965508117184.555,5,4.307228915662651,26.676694730730148,2,1.5210843373493976,0.9363024386703441
54,5.3500000000000005,10512160.0,7394937.590361446,22965508117184.555,5,4.307228915662651,26.676694730730148,2,1.5210843373493976,0.9363024386703441
55,5.45,10517440.0,7394937.590361446,22965508117184.555,6,4.307228915662651,26.676694730730148,2,1.5210843373493976,0.9363024386703441
56,5.55,5600.0,7394937.590361446,22965508117184.555,1,4.307228915662651,26.676694730730148,1,1.5210843373493976,0.9363024386703441
57,5.65,10517440.0,7394937.590361446,22965508117184.555,6,4.307228915662651,26.676694730730148,2,1.5210843373493976,0.9363024386703441
58,5.75,10517440.0,7394937.590361446,22965508117184.555,6,4.307228915662651,26.676694730730148,2,1.5210843373493976,0.9363024386703441
59,5.8500000000000005,10517440.0,7394937.590361446,22965508117184.555,6,4.307228915662651,26.676694730730148,2,1.5210843373493976,0.9363024386703441
60,5.95,10512160.0,7394937.590361446,22965508117184.555,5,4.307228915662651,26.676694730730148,2,1.5210843373493976,0.9363024386703441
61,6.05,10512160.0,7394937.590361446,22965508117184.555,5,4.307228915662651,26.676694730730148,2,1.5210843373493976,0.9363024386703441
62,6.15,10512160.0,7394937.590361446,22965508117184.555,5,4.307228915662651,26.676694730730148,2,1.5210843373493976,0.9363024386703441
63,6.25,0.0,7394937.590361446,22965508117184.555,0,4.307228915662651,26.676694730730148,0,1.5210843373493976,0.9363024386703441
64,6.3500000000000005,10517440.0,7394937.590361446,22965508117184.555,6,4.307228915662651,26.676694730730148,2,1.5210843373493976,0.9363024386703441
65,6.45,10512160.0,7394937.590361446,22965508117184.555,5,4.307228915662651,26.676694730730148,2,1.5210843373493976,0.9363024386703441
66,6.55,10506880.0,7394937.590361446,22965508117184.555,4,4.307228915662651,26.676694730730148,2,1.5210843373493976,0.9363024386703441
67,6.65,10506880.0,7394937.590361446,22965508117184.555,4,4.307228915662651,26.676694730730148,2,1.5210843373493976,0.9363024386703441
68,6.75,10506880.0,7394937.590361446,22965508117184.555,4,4.307228915662651,26.676694730730148,2,1.5210843373493976,0.9363024386703441
69,6.8500000000000005,10506880.0,7394937.590361446,22965508117184.555,4,4.307228915662651,26.676694730730148,2,1.5210843373493976,0.9363024386703441
70,6.95,0.0,7394937.590361446,22965508117184.555,0,4.307228915662651,26.676694730730148,0,1.5210843373493976,0.9363024386703441
71,7.05,10512160.0,7394937.590361446,22965508117184.555,5,4.307228915662651,26.676694730730148,2,1.5210843373493976,0.9363024386703441
72,7.15,10512160.0,7394937.590361446,22965508117184.555,5,4.307228915662651,26.676694730730148,2,1.5210843373493976,0.9363024386703441
73,7.25,10512160.0,7394937.590361446,22965508117184.555,5,4.307228915662651,26.676694730730148,2,1.5210843373493976,0.9363024386703441
74,7.3500000000000005,10512160.0,7394937.590361446,22965508117184.555,5,4.307228915662651,26.676694730730148,2,1.5210843373493976,0.9363024386703441
75,7.45,10517440.0,7394937.590361446,22965508117184.555,6,4.307228915662651,26.676694730730148,2,1.5210843373493976,0.9363024386703441
76,7.55,10506880.0,7394937.590361446,22965508117184.555,4,4.307228915662651,26.676694730730148,2,1.5210843373493976,0.9363024386703441
77,7.65,5600.0,7394937.590361446,22965508117184.555,1,4.307228915662651,26.676694730730148,1,1.5210843373493976,0.9363024386703441
78,7.75,10512160.0,7394937.590361446,22965508117184.555,5,4.307228915662651,26.676694730730148,2,1.5210843373493976,0.9363024386703441
79,7.8500000000000005,10523040.0,7394937.590361446,22965508117184.555,7,4.307228915662651,26.676694730730148,3,1.5210843373493976,0.9363024386703441
80,7.95,10506880.0,7394937.590361446,22965508117184.555,4,4.307228915662651,26.676694730730148,2,1.5210843373493976,0.9363024386703441
81,8.05,10512160.0,7394937.590361446,22965508117184.555,5,4.307228915662651,26.676694730730148,2,1.5210843373493976,0.9363024386703441
82,8.15,10506880.0,7394937.590361446,22965508117184.555,4,4.307228915662651,26.676694730730148,2,1.5210843373493976,0.9363024386703441
83,8.250000000000002,10506880.0,7394937.590361446,22965508117184.555,4,4.307228915662651,26.676694730730148,2,1.5210843373493976,0.9363024386703441
84,8.350000000000001,0.0,7394937.590361446,22965508117184.555,0,4.307228915662651,26.676694730730148,0,1.5210843373493976,0.9363024386703441
85,8.450000000000001,10512160.0,7394937.590361446,22965508117184.555,5,4.307228915662651,26.676694730730148,2,1.5210843373493976,0.9363024386703441
86,8.55,10512160.0,7394937.590361446,22965508117184.555,5,4.307228915662651,26.676694730730148,2,1.5210843373493976,0.9363024386703441
87,8.65,10506880.0,7394937.590361446,22965508117184.555,4,4.307228915662651,26.676694730730148,2,1.5210843373493976,0.9363024386703441
88,8.750000000000002,10506880.0,7394937.590361446,22965508117184.555,4,4.307228915662651,26.676694730730148,2,1.5210843373493976,0.9363024386703441
89,8.850000000000001,10506880.0,7394937.590361446,22965508117184.555,4,4.307228915662651,26.676694730730148,2,1.5210843373493976,0.9363024386703441
90,8.950000000000001,10506880.0,7394937.590361446,22965508117184.555,4,4.307228915662651,26.676694730730148,2,1.5210843373493976,0.9363024386703441
91,9.05,76480.0,7394937.590361446,22965508117184.555,10,4.307228915662651,26.676694730730148,4,1.5210843373493976,0.9363024386703441
92,9.15,69440.0,7394937.590361446,22965508117184.555,9,4.307228915662651,26.676694730730148,4,1.5210843373493976,0.9363024386703441
93,9.250000000000002,0.0,7394937.590361446,22965508117184.555,0,4.307228915662651,26.676694730730148,0,1.5210843373493976,0.9363024386703441
94,9.350000000000001,0.0,7394937.590361446,22965508117184.555,0,4.307228915662651,26.676694730730148,0,1.5210843373493976,0.9363024386703441
95,9.450000000000001,0.0,7394937.590361446,22965508117184.555,0,4.307228915662651,26.676694730730148,0,1.5210843373493976,0.9363024386703441
96,9.55,0.0,7394937.590361446,22965508117184.555,0,4.307228915662651,26.676694730730148,0,1.5210843373493976,0.9363024386703441
97,9.650000000000002,5600.0,7394937.590361446,22965508117184.555,1,4.307228915662651,26.676694730730148,1,1.5210843373493976,0.9363024386703441
98,9.750000000000002,0.0,7394937.590361446,22965508117184.555,0,4.307228915662651,26.676694730730148,0,1.5210843373493976,0.9363024386703441
99,9.850000000000001,0.0,7394937.590361446,22965508117184.555,0,4.307228915662651,26.676694730730148,0,1.5210843373493976,0.9363024386703441
100,9.950000000000001,0.0,7394937.590361446,22965508117184.555,0,4.307228915662651,26.676694730730148,0,1.5210843373493976,0.9363024386703441
101,10.05,0.0,7394937.590361446,22965508117184.555,0,4.307228915662651,26.676694730730148,0,1.5210843373493976,0.9363024386703441
102,10.150000000000002,0.0,7394937.590361446,22965508117184.555,0,4.307228915662651,26.676694730730148,0,1.5210843373493976,0.9363024386703441
103,10.250000000000002,0.0,7394937.590361446,22965508117184.555,0,4.307228915662651,26.676694730730148,0,1.5210843373493976,0.9363024386703441
104,10.350000000000001,0.0,7394937.590361446,22965508117184.555,0,4.307228915662651,26.676694730730148,0,1.5210843373493976,0.9363024386703441
105,10.450000000000001,16240.0,7394937.590361446,22965508117184.555,1,4.307228915662651,26.676694730730148,1,1.5210843373493976,0.9363024386703441
106,10.55,0.0,7394937.590361446,22965508117184.555,0,4.307228915662651,26.676694730730148,0,1.5210843373493976,0.9363024386703441
107,10.650000000000002,0.0,7394937.590361446,22965508117184.555,0,4.307228915662651,26.676694730730148,0,1.5210843373493976,0.9363024386703441
108,10.750000000000002,0.0,7394937.590361446,22965508117184.555,0,4.307228915662651,26.676694730730148,0,1.5210843373493976,0.9363024386703441
109,10.850000000000001,16240.0,7394937.590361446,22965508117184.555,1,4.307228915662651,26.676694730730148,1,1.5210843373493976,0.9363024386703441
110,10.950000000000001,52160.0,7394937.590361446,22965508117184.555,9,4.307228915662651,26.676694730730148,2,1.5210843373493976,0.9363024386703441
111,11.05,9281200.0,7394937.590361446,22965508117184.555,64,4.307228915662651,26.676694730730148,4,1.5210843373493976,0.9363024386703441
112,11.150000000000002,10559680.0,7394937.590361446,22965508117184.555,14,4.307228915662651,26.676694730730148,2,1.5210843373493976,0.9363024386703441
113,11.250000000000002,10517440.0,7394937.590361446,22965508117184.555,6,4.307228915662651,26.676694730730148,2,1.5210843373493976,0.9363024386703441
114,11.350000000000001,10517440.0,7394937.590361446,22965508117184.555,6,4.307228915662651,26.676694730730148,2,1.5210843373493976,0.9363024386703441
115,11.450000000000001,0.0,7394937.590361446,22965508117184.555,0,4.307228915662651,26.676694730730148,0,1.5210843373493976,0.9363024386703441
116,11.55,10517440.0,7394937.590361446,22965508117184.555,6,4.307228915662651,26.676694730730148,2,1.5210843373493976,0.9363024386703441
117,11.650000000000002,10517440.0,7394937.590361446,22965508117184.555,6,4.307228915662651,26.676694730730148,2,1.5210843373493976,0.9363024386703441
118,11.750000000000002,10523040.0,7394937.590361446,22965508117184.555,7,4.307228915662651,26.676694730730148,3,1.5210843373493976,0.9363024386703441
119,11.850000000000001,10517440.0,7394937.590361446,22965508117184.555,6,4.307228915662651,26.676694730730148,2,1.5210843373493976,0.9363024386703441
120,11.950000000000001,10517440.0,7394937.590361446,22965508117184.555,6,4.307228915662651,26.676694730730148,2,1.5210843373493976,0.9363024386703441
121,12.05,10517440.0,7394937.590361446,22965508117184.555,6,4.307228915662651,26.676694730730148,2,1.5210843373493976,0.9363024386703441
122,12.150000000000002,0.0,7394937.590361446,22965508117184.555,0,4.307228915662651,26.676694730730148,0,1.5210843373493976,0.9363024386703441
123,12.250000000000002,10517440.0,7394937.590361446,22965508117184.555,6,4.307228915662651,26.676694730730148,2,1.5210843373493976,0.9363024386703441
124,12.350000000000001,10517440.0,7394937.590361446,22965508117184.555,6,4.307228915662651,26.676694730730148,2,1.5210843373493976,0.9363024386703441
125,12.450000000000001,10517440.0,7394937.590361446,22965508117184.555,6,4.307228915662651,26.676694730730148,2,1.5210843373493976,0.9363024386703441
126,12.55,10512160.0,7394937.590361446,22965508117184.555,5,4.307228915662651,26.676694730730148,2,1.5210843373493976,0.9363024386703441
127,12.650000000000002,10517440.0,7394937.590361446,22965508117184.555,6,4.307228915662651,26.676694730730148,2,1.5210843373493976,0.9363024386703441
128,12.750000000000002,10512160.0,7394937.590361446,22965508117184.555,5,4.307228915662651,26.676694730730148,2,1.5210843373493976,0.9363024386703441
129,12.850000000000001,0.0,7394937.590361446,22965508117184.555,0,4.307228915662651,26.676694730730148,0,1.5210843373493976,0.9363024386703441
130,12.950000000000001,10506880.0,7394937.590361446,22965508117184.555,4,4.307228915662651,26.676694730730148,2,1.5210843373493976,0.9363024386703441
131,13.05,10506880.0,7394937.590361446,22965508117184.555,4,4.307228915662651,26.676694730730148,2,1.5210843373493976,0.9363024386703441
132,13.150000000000002,10517440.0,7394937.590361446,22965508117184.555,6,4.307228915662651,26.676694730730148,2,1.5210843373493976,0.9363024386703441
133,13.250000000000002,10506880.0,7394937.590361446,22965508117184.555,4,4.307228915662651,26.676694730730148,2,1.5210843373493976,0.9363024386703441
134,13.350000000000001,10517440.0,7394937.590361446,22965508117184.555,6,4.307228915662651,26.676694730730148,2,1.5210843373493976,0.9363024386703441
135,13.450000000000001,10512160.0,7394937.590361446,22965508117184.555,5,4.307228915662651,26.676694730730148,2,1.5210843373493976,0.9363024386703441
136,13.55,0.0,7394937.590361446,22965508117184.555,0,4.307228915662651,26.676694730730148,0,1.5210843373493976,0.9363024386703441
137,13.650000000000002,10512160.0,7394937.590361446,22965508117184.555,5,4.307228915662651,26.676694730730148,2,1.5210843373493976,0.9363024386703441
138,13.750000000000002,10506880.0,7394937.590361446,22965508117184.555,4,4.307228915662651,26.676694730730148,2,1.5210843373493976,0.9363024386703441
139,13.850000000000001,10512160.0,7394937.590361446,22965508117184.555,5,4.307228915662651,26.676694730730148,2,1.5210843373493976,0.9363024386703441
140,13.950000000000001,10512160.0,7394937.590361446,22965508117184.555,5,4.307228915662651,26.676694730730148,2,1.5210843373493976,0.9363024386703441
141,14.05,10506880.0,7394937.590361446,22965508117184.555,4,4.307228915662651,26.676694730730148,2,1.5210843373493976,0.9363024386703441
142,14.150000000000002,10517440.0,7394937.590361446,22965508117184.555,6,4.307228915662651,26.676694730730148,2,1.5210843373493976,0.9363024386703441
143,14.250000000000002,0.0,7394937.590361446,22965508117184.555,0,4.307228915662651,26.676694730730148,0,1.5210843373493976,0.9363024386703441
144,14.350000000000001,10512160.0,7394937.590361446,22965508117184.555,5,4.307228915662651,26.676694730730148,2,1.5210843373493976,0.9363024386703441
145,14.450000000000001,10512160.0,7394937.590361446,22965508117184.555,5,4.307228915662651,26.676694730730148,2,1.5210843373493976,0.9363024386703441
146,14.55,10512160.0,7394937.590361446,22965508117184.555,5,4.307228915662651,26.676694730730148,2,1.5210843373493976,0.9363024386703441
147,14.650000000000002,10517440.0,7394937.590361446,22965508117184.555,6,4.307228915662651,26.676694730730148,2,1.5210843373493976,0.9363024386703441
148,14.750000000000002,10517440.0,7394937.590361446,22965508117184.555,6,4.307228915662651,26.676694730730148,2,1.5210843373493976,0.9363024386703441
149,14.850000000000001,10512160.0,7394937.590361446,22965508117184.555,5,4.307228915662651,26.676694730730148,2,1.5210843373493976,0.9363024386703441
150,14.950000000000001,0.0,7394937.590361446,22965508117184.555,0,4.307228915662651,26.676694730730148,0,1.5210843373493976,0.9363024386703441
151,15.05,10512160.0,7394937.590361446,22965508117184.555,5,4.307228915662651,26.676694730730148,2,1.5210843373493976,0.9363024386703441
152,15.150000000000002,10517440.0,7394937.590361446,22965508117184.555,6,4.307228915662651,26.676694730730148,2,1.5210843373493976,0.9363024386703441
153,15.250000000000002,10506880.0,7394937.590361446,22965508117184.555,4,4.307228915662651,26.676694730730148,2,1.5210843373493976,0.9363024386703441
154,15.350000000000001,10512160.0,7394937.590361446,22965508117184.555,5,4.307228915662651,26.676694730730148,2,1.5210843373493976,0.9363024386703441
155,15.450000000000001,10517440.0,7394937.590361446,22965508117184.555,6,4.307228915662651,26.676694730730148,2,1.5210843373493976,0.9363024386703441
156,15.55,10512160.0,7394937.590361446,22965508117184.555,5,4.307228915662651,26.676694730730148,2,1.5210843373493976,0.9363024386703441
157,15.650000000000002,0.0,7394937.590361446,22965508117184.555,0,4.307228915662651,26.676694730730148,0,1.5210843373493976,0.9363024386703441
158,15.750000000000002,10517440.0,7394937.590361446,22965508117184.555,6,4.307228915662651,26.676694730730148,2,1.5210843373493976,0.9363024386703441
159,15.850000000000001,10517440.0,7394937.590361446,22965508117184.555,6,4.307228915662651,26.676694730730148,2,1.5210843373493976,0.9363024386703441
160,15.950000000000001,10512160.0,7394937.590361446,22965508117184.555,5,4.307228915662651,26.676694730730148,2,1.5210843373493976,0.9363024386703441
161,16.05,10512160.0,7394937.590361446,22965508117184.555,5,4.307228915662651,26.676694730730148,2,1.5210843373493976,0.9363024386703441
162,16.150000000000002,10512160.0,7394937.590361446,22965508117184.555,5,4.307228915662651,26.676694730730148,2,1.5210843373493976,0.9363024386703441
163,16.25,10512160.0,7394937.590361446,22965508117184.555,5,4.307228915662651,26.676694730730148,2,1.5210843373493976,0.9363024386703441
164,16.35,0.0,7394937.590361446,22965508117184.555,0,4.307228915662651,26.676694730730148,0,1.5210843373493976,0.9363024386703441
165,16.450000000000003,10506880.0,7394937.590361446,22965508117184.555,4,4.307228915662651,26.676694730730148,2,1.5210843373493976,0.9363024386703441
166,16.55,10506880.0,7394937.590361446,22965508117184.555,4,4.307228915662651,26.676694730730148,2,1.5210843373493976,0.9363024386703441
167,16.650000000000002,10512160.0,7394937.590361446,22965508117184.555,5,4.307228915662651,26.676694730730148,2,1.5210843373493976,0.9363024386703441
168,16.75,10506880.0,7394937.590361446,22965508117184.555,4,4.307228915662651,26.676694730730148,2,1.5210843373493976,0.9363024386703441
169,16.85,10506880.0,7394937.590361446,22965508117184.555,4,4.307228915662651,26.676694730730148,2,1.5210843373493976,0.9363024386703441
170,16.950000000000003,10512160.0,7394937.590361446,22965508117184.555,5,4.307228915662651,26.676694730730148,2,1.5210843373493976,0.9363024386703441
171,17.05,0.0,7394937.590361446,22965508117184.555,0,4.307228915662651,26.676694730730148,0,1.5210843373493976,0.9363024386703441
172,17.150000000000002,10512160.0,7394937.590361446,22965508117184.555,5,4.307228915662651,26.676694730730148,2,1.5210843373493976,0.9363024386703441
173,17.25,10506880.0,7394937.590361446,22965508117184.555,4,4.307228915662651,26.676694730730148,2,1.5210843373493976,0.9363024386703441
174,17.35,10506880.0,7394937.590361446,22965508117184.555,4,4.307228915662651,26.676694730730148,2,1.5210843373493976,0.9363024386703441
175,17.450000000000003,10506880.0,7394937.590361446,22965508117184.555,4,4.307228915662651,26.676694730730148,2,1.5210843373493976,0.9363024386703441
176,17.55,10506880.0,7394937.590361446,22965508117184.555,4,4.307228915662651,26.676694730730148,2,1.5210843373493976,0.9363024386703441
177,17.650000000000002,10512160.0,7394937.590361446,22965508117184.555,5,4.307228915662651,26.676694730730148,2,1.5210843373493976,0.9363024386703441
178,17.75,0.0,7394937.590361446,22965508117184.555,0,4.307228915662651,26.676694730730148,0,1.5210843373493976,0.9363024386703441
179,17.85,10506880.0,7394937.590361446,22965508117184.555,4,4.307228915662651,26.676694730730148,2,1.5210843373493976,0.9363024386703441
180,17.950000000000003,10517440.0,7394937.590361446,22965508117184.555,6,4.307228915662651,26.676694730730148,2,1.5210843373493976,0.9363024386703441
181,18.05,10517440.0,7394937.590361446,22965508117184.555,6,4.307228915662651,26.676694730730148,2,1.5210843373493976,0.9363024386703441
182,18.150000000000002,10517440.0,7394937.590361446,22965508117184.555,6,4.307228915662651,26.676694730730148,2,1.5210843373493976,0.9363024386703441
183,18.25,10517440.0,7394937.590361446,22965508117184.555,6,4.307228915662651,26.676694730730148,2,1.5210843373493976,0.9363024386703441
184,18.35,10512160.0,7394937.590361446,22965508117184.555,5,4.307228915662651,26.676694730730148,2,1.5210843373493976,0.9363024386703441
185,18.450000000000003,0.0,7394937.590361446,22965508117184.555,0,4.307228915662651,26.676694730730148,0,1.5210843373493976,0.9363024386703441
186,18.55,10512160.0,7394937.590361446,22965508117184.555,5,4.307228915662651,26.676694730730148,2,1.5210843373493976,0.9363024386703441
187,18.650000000000002,10506880.0,7394937.590361446,22965508117184.555,4,4.307228915662651,26.676694730730148,2,1.5210843373493976,0.9363024386703441
188,18.75,10512160.0,7394937.590361446,22965508117184.555,5,4.307228915662651,26.676694730730148,2,1.5210843373493976,0.9363024386703441
189,18.85,10512160.0,7394937.590361446,22965508117184.555,5,4.307228915662651,26.676694730730148,2,1.5210843373493976,0.9363024386703441
190,18.950000000000003,10512160.0,7394937.590361446,22965508117184.555,5,4.307228915662651,26.676694730730148,2,1.5210843373493976,0.9363024386703441
191,19.05,10506880.0,7394937.590361446,22965508117184.555,4,4.307228915662651,26.676694730730148,2,1.5210843373493976,0.9363024386703441
192,19.150000000000002,0.0,7394937.590361446,22965508117184.555,0,4.307228915662651,26.676694730730148,0,1.5210843373493976,0.9363024386703441
193,19.250000000000004,10506880.0,7394937.590361446,22965508117184.555,4,4.307228915662651,26.676694730730148,2,1.5210843373493976,0.9363024386703441
194,19.35,10512160.0,7394937.590361446,22965508117184.555,5,4.307228915662651,26.676694730730148,2,1.5210843373493976,0.9363024386703441
195,19.450000000000003,10512160.0,7394937.590361446,22965508117184.555,5,4.307228915662651,26.676694730730148,2,1.5210843373493976,0.9363024386703441
196,19.55,10512160.0,7394937.590361446,22965508117184.555,5,4.307228915662651,26.676694730730148,2,1.5210843373493976,0.9363024386703441
197,19.650000000000002,10506880.0,7394937.590361446,22965508117184.555,4,4.307228915662651,26.676694730730148,2,1.5210843373493976,0.9363024386703441
198,19.750000000000004,10512160.0,7394937.590361446,22965508117184.555,5,4.307228915662651,26.676694730730148,2,1.5210843373493976,0.9363024386703441
199,19.85,0.0,7394937.590361446,22965508117184.555,0,4.307228915662651,26.676694730730148,0,1.5210843373493976,0.9363024386703441
200,19.950000000000003,10512160.0,7394937.590361446,22965508117184.555,5,4.307228915662651,26.676694730730148,2,1.5210843373493976,0.9363024386703441
201,20.05,10539040.0,7394937.590361446,22965508117184.555,10,4.307228915662651,26.676694730730148,4,1.5210843373493976,0.9363024386703441
202,20.150000000000002,113680.0,7394937.590361446,22965508117184.555,13,4.307228915662651,26.676694730730148,4,1.5210843373493976,0.9363024386703441
203,20.250000000000004,0.0,7394937.590361446,22965508117184.555,0,4.307228915662651,26.676694730730148,0,1.5210843373493976,0.9363024386703441
204,20.35,0.0,7394937.590361446,22965508117184.555,0,4.307228915662651,26.676694730730148,0,1.5210843373493976,0.9363024386703441
205,20.450000000000003,0.0,7394937.590361446,22965508117184.555,0,4.307228915662651,26.676694730730148,0,1.5210843373493976,0.9363024386703441
206,20.55,0.0,7394937.590361446,22965508117184.555,0,4.307228915662651,26.676694730730148,0,1.5210843373493976,0.9363024386703441
207,20.650000000000002,0.0,7394937.590361446,22965508117184.555,0,4.307228915662651,26.676694730730148,0,1.5210843373493976,0.9363024386703441
208,20.750000000000004,0.0,7394937.590361446,22965508117184.555,0,4.307228915662651,26.676694730730148,0,1.5210843373493976,0.9363024386703441
209,20.85,0.0,7394937.590361446,22965508117184.555,0,4.307228915662651,26.676694730730148,0,1.5210843373493976,0.9363024386703441
210,20.950000000000003,0.0,7394937.590361446,22965508117184.555,0,4.307228915662651,26.676694730730148,0,1.5210843373493976,0.9363024386703441
211,21.05,0.0,7394937.590361446,22965508117184.555,0,4.307228915662651,26.676694730730148,0,1.5210843373493976,0.9363024386703441
212,21.150000000000002,0.0,7394937.590361446,22965508117184.555,0,4.307228915662651,26.676694730730148,0,1.5210843373493976,0.9363024386703441
213,21.250000000000004,0.0,7394937.590361446,22965508117184.555,0,4.307228915662651,26.676694730730148,0,1.5210843373493976,0.9363024386703441
214,21.35,0.0,7394937.590361446,22965508117184.555,0,4.307228915662651,26.676694730730148,0,1.5210843373493976,0.9363024386703441
215,21.450000000000003,0.0,7394937.590361446,22965508117184.555,0,4.307228915662651,26.676694730730148,0,1.5210843373493976,0.9363024386703441
216,21.55,0.0,7394937.590361446,22965508117184.555,0,4.307228915662651,26.676694730730148,0,1.5210843373493976,0.9363024386703441
217,21.650000000000002,0.0,7394937.590361446,22965508117184.555,0,4.307228915662651,26.676694730730148,0,1.5210843373493976,0.9363024386703441
218,21.750000000000004,0.0,7394937.590361446,22965508117184.555,0,4.307228915662651,26.676694730730148,0,1.5210843373493976,0.9363024386703441
219,21.85,0.0,7394937.590361446,22965508117184.555,0,4.307228915662651,26.676694730730148,0,1.5210843373493976,0.9363024386703441
220,21.950000000000003,0.0,7394937.590361446,22965508117184.555,0,4.307228915662651,26.676694730730148,0,1.5210843373493976,0.9363024386703441
221,22.05,0.0,7394937.590361446,22965508117184.555,0,4.307228915662651,26.676694730730148,0,1.5210843373493976,0.9363024386703441
222,22.150000000000002,0.0,7394937.590361446,22965508117184.555,0,4.307228915662651,26.676694730730148,0,1.5210843373493976,0.9363024386703441
223,22.250000000000004,0.0,7394937.590361446,22965508117184.555,0,4.307228915662651,26.676694730730148,0,1.5210843373493976,0.9363024386703441
224,22.35,0.0,7394937.590361446,22965508117184.555,0,4.307228915662651,26.676694730730148,0,1.5210843373493976,0.9363024386703441
225,22.450000000000003,0.0,7394937.590361446,22965508117184.555,0,4.307228915662651,26.676694730730148,0,1.5210843373493976,0.9363024386703441
226,22.55,0.0,7394937.590361446,22965508117184.555,0,4.307228915662651,26.676694730730148,0,1.5210843373493976,0.9363024386703441
227,22.650000000000002,0.0,7394937.590361446,22965508117184.555,0,4.307228915662651,26.676694730730148,0,1.5210843373493976,0.9363024386703441
228,22.750000000000004,0.0,7394937.590361446,22965508117184.555,0,4.307228915662651,26.676694730730148,0,1.5210843373493976,0.9363024386703441
229,22.85,0.0,7394937.590361446,22965508117184.555,0,4.307228915662651,26.676694730730148,0,1.5210843373493976,0.9363024386703441
230,22.950000000000003,0.0,7394937.590361446,22965508117184.555,0,4.307228915662651,26.676694730730148,0,1.5210843373493976,0.9363024386703441
231,23.05,0.0,7394937.590361446,22965508117184.555,0,4.307228915662651,26.676694730730148,0,1.5210843373493976,0.9363024386703441
232,23.150000000000002,0.0,7394937.590361446,22965508117184.555,0,4.307228915662651,26.676694730730148,0,1.5210843373493976,0.9363024386703441
233,23.250000000000004,0.0,7394937.590361446,22965508117184.555,0,4.307228915662651,26.676694730730148,0,1.5210843373493976,0.9363024386703441
234,23.35,0.0,7394937.590361446,22965508117184.555,0,4.307228915662651,26.676694730730148,0,1.5210843373493976,0.9363024386703441
235,23.450000000000003,0.0,7394937.590361446,22965508117184.555,0,4.307228915662651,26.676694730730148,0,1.5210843373493976,0.9363024386703441
236,23.55,0.0,7394937.590361446,22965508117184.555,0,4.307228915662651,26.676694730730148,0,1.5210843373493976,0.9363024386703441
237,23.650000000000002,0.0,7394937.590361446,22965508117184.555,0,4.307228915662651,26.676694730730148,0,1.5210843373493976,0.9363024386703441
238,23.750000000000004,0.0,7394937.590361446,22965508117184.555,0,4.307228915662651,26.676694730730148,0,1.5210843373493976,0.9363024386703441
239,23.85,0.0,7394937.590361446,22965508117184.555,0,4.307228915662651,26.676694730730148,0,1.5210843373493976,0.9363024386703441
240,23.950000000000003,0.0,7394937.590361446,22965508117184.555,0,4.307228915662651,26.676694730730148,0,1.5210843373493976,0.9363024386703441
241,24.05,1293200.0,7394937.590361446,22965508117184.555,22,4.307228915662651,26.676694730730148,4,1.5210843373493976,0.9363024386703441
242,24.150000000000002,17642080.0,7394937.590361446,22965508117184.555,39,4.307228915662651,26.676694730730148,2,1.5210843373493976,0.9363024386703441
243,24.250000000000004,0.0,7394937.590361446,22965508117184.555,0,4.307228915662651,26.676694730730148,0,1.5210843373493976,0.9363024386703441
244,24.35,10517440.0,7394937.590361446,22965508117184.555,6,4.307228915662651,26.676694730730148,2,1.5210843373493976,0.9363024386703441
245,24.450000000000003,10517440.0,7394937.590361446,22965508117184.555,6,4.307228915662651,26.676694730730148,2,1.5210843373493976,0.9363024386703441
246,24.55,10517440.0,7394937.590361446,22965508117184.555,6,4.307228915662651,26.676694730730148,2,1.5210843373493976,0.9363024386703441
247,24.650000000000002,10517440.0,7394937.590361446,22965508117184.555,6,4.307228915662651,26.676694730730148,2,1.5210843373493976,0.9363024386703441
248,24.750000000000004,10517440.0,7394937.590361446,22965508117184.555,6,4.307228915662651,26.676694730730148,2,1.5210843373493976,0.9363024386703441
249,24.85,10517440.0,7394937.590361446,22965508117184.555,6,4.307228915662651,26.676694730730148,2,1.5210843373493976,0.9363024386703441
250,24.950000000000003,0.0,7394937.590361446,22965508117184.555,0,4.307228915662651,26.676694730730148,0,1.5210843373493976,0.9363024386703441
251,25.05,10517440.0,7394937.590361446,22965508117184.555,6,4.307228915662651,26.676694730730148,2,1.5210843373493976,0.9363024386703441
252,25.150000000000002,10517440.0,7394937.590361446,22965508117184.555,6,4.307228915662651,26.676694730730148,2,1.5210843373493976,0.9363024386703441
253,25.250000000000004,10517440.0,7394937.590361446,22965508117184.555,6,4.307228915662651,26.676694730730148,2,1.5210843373493976,0.9363024386703441
254,25.35,10517440.0,7394937.590361446,22965508117184.555,6,4.307228915662651,26.676694730730148,2,1.5210843373493976,0.9363024386703441
255,25.450000000000003,10517440.0,7394937.590361446,22965508117184.555,6,4.307228915662651,26.676694730730148,2,1.5210843373493976,0.9363024386703441
256,25.55,10517440.0,7394937.590361446,22965508117184.555,6,4.307228915662651,26.676694730730148,2,1.5210843373493976,0.9363024386703441
257,25.650000000000002,0.0,7394937.590361446,22965508117184.555,0,4.307228915662651,26.676694730730148,0,1.5210843373493976,0.9363024386703441
258,25.750000000000004,10512160.0,7394937.590361446,22965508117184.555,5,4.307228915662651,26.676694730730148,2,1.5210843373493976,0.9363024386703441
259,25.85,10517440.0,7394937.590361446,22965508117184.555,6,4.307228915662651,26.676694730730148,2,1.5210843373493976,0.9363024386703441
260,25.950000000000003,10506880.0,7394937.590361446,22965508117184.555,4,4.307228915662651,26.676694730730148,2,1.5210843373493976,0.9363024386703441
261,26.05,10512160.0,7394937.590361446,22965508117184.555,5,4.307228915662651,26.676694730730148,2,1.5210843373493976,0.9363024386703441
262,26.150000000000002,10512160.0,7394937.590361446,22965508117184.555,5,4.307228915662651,26.676694730730148,2,1.5210843373493976,0.9363024386703441
263,26.250000000000004,10517440.0,7394937.590361446,22965508117184.555,6,4.307228915662651,26.676694730730148,2,1.5210843373493976,0.9363024386703441
264,26.35,0.0,7394937.590361446,22965508117184.555,0,4.307228915662651,26.676694730730148,0,1.5210843373493976,0.9363024386703441
265,26.450000000000003,10517440.0,7394937.590361446,22965508117184.555,6,4.307228915662651,26.676694730730148,2,1.5210843373493976,0.9363024386703441
266,26.55,10517440.0,7394937.590361446,22965508117184.555,6,4.307228915662651,26.676694730730148,2,1.5210843373493976,0.9363024386703441
267,26.650000000000002,10517440.0,7394937.590361446,22965508117184.555,6,4.307228915662651,26.676694730730148,2,1.5210843373493976,0.9363024386703441
268,26.750000000000004,10517440.0,7394937.590361446,22965508117184.555,6,4.307228915662651,26.676694730730148,2,1.5210843373493976,0.9363024386703441
269,26.85,10517440.0,7394937.590361446,22965508117184.555,6,4.307228915662651,26.676694730730148,2,1.5210843373493976,0.9363024386703441
270,26.950000000000003,10517440.0,7394937.590361446,22965508117184.555,6,4.307228915662651,26.676694730730148,2,1.5210843373493976,0.9363024386703441
271,27.05,0.0,7394937.590361446,22965508117184.555,0,4.307228915662651,26.676694730730148,0,1.5210843373493976,0.9363024386703441
272,27.150000000000002,10517440.0,7394937.590361446,22965508117184.555,6,4.307228915662651,26.676694730730148,2,1.5210843373493976,0.9363024386703441
273,27.250000000000004,10517440.0,7394937.590361446,22965508117184.555,6,4.307228915662651,26.676694730730148,2,1.5210843373493976,0.9363024386703441
274,27.35,10512160.0,7394937.590361446,22965508117184.555,5,4.307228915662651,26.676694730730148,2,1.5210843373493976,0.9363024386703441
275,27.450000000000003,10512160.0,7394937.590361446,22965508117184.555,5,4.307228915662651,26.676694730730148,2,1.5210843373493976,0.9363024386703441
276,27.55,10512160.0,7394937.590361446,22965508117184.555,5,4.307228915662651,26.676694730730148,2,1.5210843373493976,0.9363024386703441
277,27.650000000000002,10512160.0,7394937.590361446,22965508117184.555,5,4.307228915662651,26.676694730730148,2,1.5210843373493976,0.9363024386703441
278,27.750000000000004,0.0,7394937.590361446,22965508117184.555,0,4.307228915662651,26.676694730730148,0,1.5210843373493976,0.9363024386703441
279,27.85,10512160.0,7394937.590361446,22965508117184.555,5,4.307228915662651,26.676694730730148,2,1.5210843373493976,0.9363024386703441
280,27.950000000000003,10512160.0,7394937.590361446,22965508117184.555,5,4.307228915662651,26.676694730730148,2,1.5210843373493976,0.9363024386703441
281,28.05,10517440.0,7394937.590361446,22965508117184.555,6,4.307228915662651,26.676694730730148,2,1.5210843373493976,0.9363024386703441
282,28.150000000000002,10517440.0,7394937.590361446,22965508117184.555,6,4.307228915662651,26.676694730730148,2,1.5210843373493976,0.9363024386703441
283,28.250000000000004,10517440.0,7394937.590361446,22965508117184.555,6,4.307228915662651,26.676694730730148,2,1.5210843373493976,0.9363024386703441
284,28.35,10517440.0,7394937.590361446,22965508117184.555,6,4.307228915662651,26.676694730730148,2,1.5210843373493976,0.9363024386703441
285,28.450000000000003,0.0,7394937.590361446,22965508117184.555,0,4.307228915662651,26.676694730730148,0,1.5210843373493976,0.9363024386703441
286,28.55,10517440.0,7394937.590361446,22965508117184.555,6,4.307228915662651,26.676694730730148,2,1.5210843373493976,0.9363024386703441
287,28.650000000000002,10517440.0,7394937.590361446,22965508117184.555,6,4.307228915662651,26.676694730730148,2,1.5210843373493976,0.9363024386703441
288,28.750000000000004,10517440.0,7394937.590361446,22965508117184.555,6,4.307228915662651,26.676694730730148,2,1.5210843373493976,0.9363024386703441
289,28.85,10506880.0,7394937.590361446,22965508117184.555,4,4.307228915662651,26.676694730730148,2,1.5210843373493976,0.9363024386703441
290,28.950000000000003,10517440.0,7394937.590361446,22965508117184.555,6,4.307228915662651,26.676694730730148,2,1.5210843373493976,0.9363024386703441
291,29.05,10512160.0,7394937.590361446,22965508117184.555,5,4.307228915662651,26.676694730730148,2,1.5210843373493976,0.9363024386703441
292,29.150000000000002,5218080.0,7394937.590361446,22965508117184.555,1,4.307228915662651,26.676694730730148,1,1.5210843373493976,0.9363024386703441
293,29.250000000000004,5299360.0,7394937.590361446,22965508117184.555,5,4.307228915662651,26.676694730730148,2,1.5210843373493976,0.9363024386703441
294,29.35,10512160.0,7394937.590361446,22965508117184.555,5,4.307228915662651,26.676694730730148,2,1.5210843373493976,0.9363024386703441
295,29.450000000000003,10512160.0,7394937.590361446,22965508117184.555,5,4.307228915662651,26.676694730730148,2,1.5210843373493976,0.9363024386703441
296,29.55,10512160.0,7394937.590361446,22965508117184.555,5,4.307228915662651,26.676694730730148,2,1.5210843373493976,0.9363024386703441
297,29.650000000000002,10512160.0,7394937.590361446,22965508117184.555,5,4.307228915662651,26.676694730730148,2,1.5210843373493976,0.9363024386703441
298,29.750000000000004,10506880.0,7394937.590361446,22965508117184.555,4,4.307228915662651,26.676694730730148,2,1.5210843373493976,0.9363024386703441
299,29.85,10512160.0,7394937.590361446,22965508117184.555,5,4.307228915662651,26.676694730730148,2,1.5210843373493976,0.9363024386703441
300,29.950000000000003,0.0,7394937.590361446,22965508117184.555,0,4.307228915662651,26.676694730730148,0,1.5210843373493976,0.9363024386703441
301,30.05,10512160.0,7394937.590361446,22965508117184.555,5,4.307228915662651,26.676694730730148,2,1.5210843373493976,0.9363024386703441
302,30.150000000000002,10517440.0,7394937.590361446,22965508117184.555,6,4.307228915662651,26.676694730730148,2,1.5210843373493976,0.9363024386703441
303,30.250000000000004,10512160.0,7394937.590361446,22965508117184.555,5,4.307228915662651,26.676694730730148,2,1.5210843373493976,0.9363024386703441
304,30.35,10512160.0,7394937.590361446,22965508117184.555,5,4.307228915662651,26.676694730730148,2,1.5210843373493976,0.9363024386703441
305,30.450000000000003,10506880.0,7394937.590361446,22965508117184.555,4,4.307228915662651,26.676694730730148,2,1.5210843373493976,0.9363024386703441
306,30.55,10512160.0,7394937.590361446,22965508117184.555,5,4.307228915662651,26.676694730730148,2,1.5210843373493976,0.9363024386703441
307,30.650000000000002,0.0,7394937.590361446,22965508117184.555,0,4.307228915662651,26.676694730730148,0,1.5210843373493976,0.9363024386703441
308,30.750000000000004,10517440.0,7394937.590361446,22965508117184.555,6,4.307228915662651,26.676694730730148,2,1.5210843373493976,0.9363024386703441
309,30.85,10512160.0,7394937.590361446,22965508117184.555,5,4.307228915662651,26.676694730730148,2,1.5210843373493976,0.9363024386703441
310,30.950000000000003,10512160.0,7394937.590361446,22965508117184.555,5,4.307228915662651,26.676694730730148,2,1.5210843373493976,0.9363024386703441
311,31.05,10512160.0,7394937.590361446,22965508117184.555,5,4.307228915662651,26.676694730730148,2,1.5210843373493976,0.9363024386703441
312,31.150000000000002,10512160.0,7394937.590361446,22965508117184.555,5,4.307228915662651,26.676694730730148,2,1.5210843373493976,0.9363024386703441
313,31.250000000000004,10506880.0,7394937.590361446,22965508117184.555,4,4.307228915662651,26.676694730730148,2,1.5210843373493976,0.9363024386703441
314,31.35,0.0,7394937.590361446,22965508117184.555,0,4.307228915662651,26.676694730730148,0,1.5210843373493976,0.9363024386703441
315,31.450000000000003,10506880.0,7394937.590361446,22965508117184.555,4,4.307228915662651,26.676694730730148,2,1.5210843373493976,0.9363024386703441
316,31.55,10512160.0,7394937.590361446,22965508117184.555,5,4.307228915662651,26.676694730730148,2,1.5210843373493976,0.9363024386703441
317,31.650000000000002,10512160.0,7394937.590361446,22965508117184.555,5,4.307228915662651,26.676694730730148,2,1.5210843373493976,0.9363024386703441
318,31.750000000000004,10506880.0,7394937.590361446,22965508117184.555,4,4.307228915662651,26.676694730730148,2,1.5210843373493976,0.9363024386703441
319,31.85,10506880.0,7394937.590361446,22965508117184.555,4,4.307228915662651,26.676694730730148,2,1.5210843373493976,0.9363024386703441
320,31.950000000000003,10512160.0,7394937.590361446,22965508117184.555,5,4.307228915662651,26.676694730730148,2,1.5210843373493976,0.9363024386703441
321,32.05,0.0,7394937.590361446,22965508117184.555,0,4.307228915662651,26.676694730730148,0,1.5210843373493976,0.9363024386703441
322,32.15,10512160.0,7394937.590361446,22965508117184.555,5,4.307228915662651,26.676694730730148,2,1.5210843373493976,0.9363024386703441
323,32.25,10517440.0,7394937.590361446,22965508117184.555,6,4.307228915662651,26.676694730730148,2,1.5210843373493976,0.9363024386703441
324,32.35,10512160.0,7394937.590361446,22965508117184.555,5,4.307228915662651,26.676694730730148,2,1.5210843373493976,0.9363024386703441
325,32.449999999999996,10512160.0,7394937.590361446,22965508117184.555,5,4.307228915662651,26.676694730730148,2,1.5210843373493976,0.9363024386703441
326,32.55,10512160.0,7394937.590361446,22965508117184.555,5,4.307228915662651,26.676694730730148,2,1.5210843373493976,0.9363024386703441
327,32.65,10506880.0,7394937.590361446,22965508117184.555,4,4.307228915662651,26.676694730730148,2,1.5210843373493976,0.9363024386703441
328,32.75,0.0,7394937.590361446,22965508117184.555,0,4.307228915662651,26.676694730730148,0,1.5210843373493976,0.9363024386703441
329,32.85,10506880.0,7394937.590361446,22965508117184.555,4,4.307228915662651,26.676694730730148,2,1.5210843373493976,0.9363024386703441
330,32.949999999999996,10506880.0,7394937.590361446,22965508117184.555,4,4.307228915662651,26.676694730730148,2,1.5210843373493976,0.9363024386703441
331,33.05,10522800.0,7394937.590361446,22965508117184.555,7,4.307228915662651,26.676694730730148,3,1.5210843373493976,0.9363024386703441
332,33.15,134880.0,7394937.590361446,22965508117184.555,17,4.307228915662651,26.676694730730148,4,1.5210843373493976,0.9363024386703441
