time,inter_arrival,pkt_size,ttl
0.0,0.0,66,64
2.1e-05,2.1e-05,185,64
0.000107,8.6e-05,66,64
0.000165,5.8e-05,67,64
0.000243,7.8e-05,74,64
0.001651,0.001408,74,64
0.001672,2.1000000000000185e-05,66,64
0.001687,1.4999999999999823e-05,103,64
0.002822,0.001135,66,64
0.043749,0.040927000000000005,66,64
0.043795,4.599999999999743e-05,68,64
0.043801,5.999999999999062e-06,66,64
0.043826,2.4999999999997247e-05,7306,64
0.043861,3.500000000000031e-05,7306,64
0.044196,0.00033500000000000196,66,64
0.0442,4.000000000004e-06,66,64
0.044205,4.9999999999980616e-06,66,64
0.044211,5.999999999999062e-06,8754,64
0.044222,1.0999999999997123e-05,66,64
0.044225,3.0000000000030003e-06,13098,64
0.044232,7.000000000000062e-06,7306,64
0.044234,2.000000000002e-06,66,64
0.044241,7.000000000000062e-06,14546,64
0.044247,5.999999999999062e-06,2962,64
0.044262,1.5000000000001124e-05,66,64
0.044263,9.999999999940612e-07,66,64
0.044267,4.000000000004e-06,66,64
0.04427,2.9999999999960614e-06,66,64
0.044275,5.0000000000050004e-06,12314,64
0.044283,8.000000000001062e-06,66,64
0.044285,1.9999999999950613e-06,5858,64
0.04429,5.0000000000050004e-06,850,64
0.044293,2.9999999999960614e-06,5858,64
0.044299,5.999999999999062e-06,66,64
0.044309,1.0000000000003062e-05,66,64
0.044316,7.000000000000062e-06,66,64
0.044324,8.000000000001062e-06,66,64
0.044331,7.000000000000062e-06,15994,64
0.044345,1.4000000000000123e-05,66,64
0.044355,9.999999999996123e-06,66,64
0.044363,8.000000000001062e-06,66,64
0.134918,0.09055500000000001,36266,64
0.135,8.199999999999874e-05,66,64
0.135044,4.399999999998849e-05,36266,64
0.135084,4.000000000001225e-05,66,64
0.135119,3.499999999997949e-05,1906,64
0.135151,3.200000000000425e-05,66,64
0.135187,3.600000000000825e-05,36266,64
0.135223,3.600000000000825e-05,66,64
0.135236,1.2999999999985246e-05,20698,64
0.135273,3.700000000000925e-05,66,64
0.250904,0.11563100000000001,65226,64
0.250965,6.099999999997774e-05,66,64
0.25099,2.4999999999997247e-05,65226,64
0.251028,3.799999999998249e-05,66,64
0.251038,1.0000000000010001e-05,818,64
0.251052,1.4000000000014001e-05,66,64
0.367903,0.11685099999999998,65226,64
0.367954,5.100000000002325e-05,66,64
0.367976,2.2000000000022002e-05,65226,64
0.368001,2.4999999999997247e-05,818,64
0.368042,4.099999999995774e-05,66,64
0.368077,3.500000000000725e-05,66,64
0.483901,0.11582400000000004,65226,64
0.483953,5.1999999999996493e-05,66,64
0.483975,2.199999999996649e-05,65226,64
0.483998,2.2999999999995246e-05,818,64
0.484024,2.6000000000026002e-05,66,64
0.484053,2.9000000000001247e-05,66,64
0.600899,0.11684599999999995,65226,64
0.600956,5.700000000008476e-05,66,64
0.600979,2.2999999999995246e-05,65226,64
0.601001,2.199999999996649e-05,818,64
0.60104,3.900000000001125e-05,66,64
0.601075,3.500000000000725e-05,66,64
0.71691,0.11583500000000002,65226,64
0.716965,5.499999999991623e-05,66,64
0.716989,2.4000000000024002e-05,65226,64
0.71702,3.100000000000325e-05,818,64
0.71705,2.999999999997449e-05,66,64
0.717085,3.500000000000725e-05,66,64
0.833899,0.11681399999999997,65226,64
0.833949,5.0000000000105516e-05,66,64
0.83397,2.0999999999937735e-05,65226,64
0.833993,2.2999999999995246e-05,66,64
0.834,6.999999999979245e-06,818,64
0.834038,3.799999999998249e-05,66,64
0.949906,0.11586800000000008,65226,64
0.949961,5.500000000002725e-05,66,64
0.949987,2.599999999997049e-05,65226,64
0.950016,2.8999999999945736e-05,66,64
0.950026,1.0000000000065512e-05,818,64
0.950042,1.6000000000016e-05,66,64
1.06692,0.11687800000000004,65226,64
1.067008,8.799999999986596e-05,65226,64
1.067024,1.6000000000016e-05,66,64
1.067082,5.8000000000113516e-05,818,64
1.067083,9.999999999177334e-07,66,64
1.067117,3.4000000000089514e-05,66,64
1.182902,0.1157849999999998,65226,64
1.182976,7.400000000012952e-05,65226,64
1.183003,2.6999999999999247e-05,66,64
1.183006,2.9999999999752447e-06,818,64
1.183033,2.6999999999999247e-05,66,64
1.2999260000000001,0.11689300000000014,65226,64
1.300058,0.00013199999999979894,65226,64
1.300078,2.0000000000131024e-05,66,64
1.300112,3.399999999986747e-05,818,64
1.3001260000000001,1.4000000000180535e-05,66,64
1.300138,1.1999999999900979e-05,66,64
1.415925,0.11578700000000008,65226,64
1.416023,9.799999999993148e-05,65226,64
1.416073,4.999999999988347e-05,66,64
1.416074,1.000000000139778e-06,818,64
1.416116,4.199999999987547e-05,66,64
1.5329519999999999,0.11683599999999994,65226,64
1.5330409999999999,8.900000000000574e-05,65226,64
1.5330780000000002,3.7000000000286803e-05,818,64
1.533102,2.3999999999801958e-05,66,64
1.5331519999999998,4.999999999988347e-05,66,64
1.6488969999999998,0.11574499999999999,65226,64
1.6489669999999998,7.00000000000145e-05,65226,64
1.649,3.300000000017178e-05,818,64
1.6490010000000002,1.000000000139778e-06,66,64
1.649029,2.799999999991698e-05,66,64
1.765902,0.116873,65226,64
1.7659669999999998,6.49999999997597e-05,65226,64
1.765995,2.8000000000139025e-05,818,64
1.7660010000000002,6.000000000172534e-06,66,64
1.766048,4.6999999999908226e-05,66,64
1.881899,0.11585099999999993,65226,64
1.8819590000000002,6.000000000017103e-05,65226,64
1.88198,2.0999999999826713e-05,818,64
1.882024,4.399999999993298e-05,66,64
1.882058,3.4000000000089514e-05,66,64
1.998899,0.11684099999999997,65226,64
1.998964,6.499999999998174e-05,65226,64
1.998987,2.300000000010627e-05,818,64
1.999029,4.199999999987547e-05,66,64
1.999066,3.700000000006476e-05,66,64
2.114899,0.11583299999999985,65226,64
2.114958,5.9000000000253294e-05,65226,64
2.114984,2.6000000000081513e-05,818,64
2.115015,3.0999999999892225e-05,66,64
2.115067,5.199999999971894e-05,66,64
2.231933,0.11686600000000036,65226,64
2.232031,9.799999999993148e-05,65226,64
2.232072,4.099999999995774e-05,818,64
2.232074,1.9999999998354667e-06,66,64
2.232113,3.900000000012227e-05,66,64
2.347919,0.11580600000000008,65226,64
2.34801,9.099999999984121e-05,65226,64
2.348046,3.6000000000147026e-05,818,64
2.348262,0.00021599999999999397,66,64
2.464905,0.11664299999999983,65226,64
2.464975,7.00000000000145e-05,65226,64
2.465006,3.0999999999892225e-05,818,64
2.465054,4.8000000000048004e-05,66,64
2.465087,3.300000000017178e-05,66,64
2.58092,0.11583299999999985,65226,64
2.581007,8.700000000017027e-05,65226,64
2.581043,3.6000000000147026e-05,818,64
2.581071,2.799999999991698e-05,66,64
2.581119,4.8000000000048004e-05,66,64
2.6979610000000003,0.11684200000000011,65226,64
2.698063,0.00010199999999960241,65226,64
2.698104,4.099999999995774e-05,818,64
2.698301,0.00019700000000000273,66,64
2.813923,0.11562200000000011,65226,64
2.814011,8.799999999986596e-05,65226,64
2.814051,4.000000000026205e-05,818,64
2.814088,3.6999999999842714e-05,66,64
2.814147,5.9000000000253294e-05,66,64
2.930902,0.11675499999999994,65226,64
2.930965,6.299999999992423e-05,65226,64
2.930986,2.0999999999826713e-05,818,64
2.931043,5.699999999997374e-05,66,64
3.04692,0.11587700000000023,65226,64
3.046988,6.799999999973494e-05,65226,64
3.047013,2.5000000000385825e-05,818,64
3.047071,5.799999999966943e-05,66,64
3.047123,5.200000000016303e-05,66,64
3.163919,0.1167959999999999,65226,64
3.164014,9.499999999995623e-05,65226,64
3.164058,4.399999999993298e-05,818,64
3.164062,4.000000000115023e-06,66,64
3.164122,5.999999999994898e-05,66,64
3.279916,0.11579400000000017,65226,64
3.279988,7.199999999984996e-05,65226,64
3.280016,2.799999999991698e-05,818,64
3.280068,5.200000000016303e-05,66,64
3.280101,3.300000000017178e-05,66,64
3.396919,0.11681799999999987,65226,64
3.397006,8.700000000017027e-05,65226,64
3.397036,2.9999999999752447e-05,818,64
3.397068,3.2000000000032e-05,66,64
3.397125,5.699999999997374e-05,66,64
3.5129099999999998,0.1157849999999998,65226,64
3.512969,5.9000000000253294e-05,65226,64
3.513007,3.799999999998249e-05,818,64
3.513064,5.699999999997374e-05,66,64
3.513112,4.8000000000048004e-05,66,64
3.629899,0.11678699999999997,65226,64
3.6299609999999998,6.199999999978445e-05,65226,64
3.629983,2.200000000041058e-05,818,64
3.630048,6.49999999997597e-05,66,64
3.745902,0.11585400000000012,65226,64
3.745984,8.199999999991547e-05,65226,64
3.746013,2.9000000000056758e-05,818,64
3.746022,8.999999999925734e-06,66,64
3.746053,3.0999999999892225e-05,66,64
3.862917,0.11686400000000008,65226,64
3.862989,7.199999999984996e-05,65226,64
3.863022,3.300000000017178e-05,66,64
3.863034,1.1999999999900979e-05,818,64
3.863049,1.5000000000320313e-05,66,64
3.863058,8.999999999925734e-06,66,64
3.978918,0.11586000000000007,65226,64
3.9789820000000002,6.4000000000064e-05,65226,64
3.9790039999999998,2.19999999995224e-05,818,64
3.979005,1.000000000139778e-06,66,64
3.979027,2.199999999996649e-05,66,64
4.09592,0.11689299999999969,65226,64
4.096019,9.900000000051534e-05,65226,64
4.096061,4.1999999999653426e-05,66,64
4.096087,2.6000000000081513e-05,818,64
4.096099,1.1999999999900979e-05,66,64
4.096118,1.8999999999991246e-05,66,64
4.211905,0.11578700000000008,65226,64
4.211972,6.700000000048334e-05,65226,64
4.212003,3.0999999999892225e-05,818,64
4.212013,9.999999999621423e-06,66,64
4.212054,4.1000000000401826e-05,66,64
4.328922,0.1168680000000002,65226,64
4.328981,5.8999999999365116e-05,65226,64
4.329004,2.3000000000550358e-05,818,64
4.329059,5.499999999969418e-05,66,64
4.444927,0.11586799999999986,65226,64
4.444997,7.00000000000145e-05,65226,64
4.44502,2.3000000000550358e-05,818,64
4.445078,5.799999999922534e-05,66,64
4.5619,0.11682199999999998,65226,64
4.561961,6.100000000053285e-05,65226,64
4.561986,2.4999999999941735e-05,818,64
4.562038,5.200000000016303e-05,66,64
4.56208,4.1999999999653426e-05,66,64
4.567753,0.005672999999999817,70,255
4.677903,0.11014999999999997,65226,64
4.677968,6.500000000020378e-05,65226,64
4.677995,2.700000000022129e-05,818,64
4.678049,5.3999999999554404e-05,66,64
4.794926,0.11687700000000056,65226,64
4.794993,6.699999999959516e-05,65226,64
4.795015,2.200000000041058e-05,818,64
4.795256,0.0002409999999999357,66,64
4.910958,0.11570199999999975,65226,64
4.911048,9.000000000014552e-05,65226,64
4.9110949999999995,4.699999999946414e-05,818,64
4.911118,2.3000000000550358e-05,66,64
4.911167,4.899999999974369e-05,66,64
5.027928,0.11676100000000034,65226,64
5.028011,8.300000000005525e-05,65226,64
5.028046,3.499999999956316e-05,818,64
5.02807,2.3999999999801958e-05,66,64
5.028117,4.7000000000352316e-05,66,64
5.143923,0.11580600000000008,65226,64
5.14403,0.00010699999999985721,65226,64
5.144077,4.7000000000352316e-05,818,64
5.144083,5.999999999950489e-06,66,64
5.144122,3.900000000012227e-05,66,64
5.26096,0.11683799999999955,65226,64
5.26105,9.000000000014552e-05,65226,64
5.261097,4.7000000000352316e-05,818,64
5.261118,2.0999999999382624e-05,66,64
5.261167,4.900000000063187e-05,66,64
5.376954,0.1157869999999992,65226,64
5.377038,8.400000000019503e-05,65226,64
5.377075,3.6999999999842714e-05,818,64
5.377097,2.200000000041058e-05,66,64
5.377145,4.7999999999603915e-05,66,64
5.49392,0.11677500000000052,65226,64
5.494037,0.00011699999999947863,65226,64
5.494066,2.9000000000500847e-05,66,64
5.494092,2.6000000000081513e-05,818,64
5.49411,1.7999999999851468e-05,66,64
5.494135,2.4999999999941735e-05,66,64
5.592487,0.09835200000000022,70,255
5.609912,0.017424999999999358,65226,64
5.610013,0.0001010000000007949,65226,64
5.610046,3.29999999992836e-05,66,64
5.610076,3.0000000000640625e-05,818,64
5.610088,1.1999999999900979e-05,66,64
5.610115,2.700000000022129e-05,66,64
5.726919,0.11680399999999924,65226,64
5.727023,0.00010400000000032605,65226,64
5.7270579999999995,3.499999999956316e-05,66,64
5.727079,2.1000000000270802e-05,818,64
5.727098,1.8999999999991246e-05,66,64
5.727123,2.4999999999941735e-05,66,64
5.842954,0.11583100000000002,65226,64
5.843067,0.0001129999999998077,65226,64
5.843107,4.000000000026205e-05,66,64
5.843125,1.7999999999851468e-05,818,64
5.843146,2.1000000000270802e-05,66,64
5.84317,2.3999999999801958e-05,66,64
5.959917,0.11674700000000016,65226,64
5.960003,8.600000000047459e-05,65226,64
5.960047,4.399999999993298e-05,818,64
5.960058,1.09999999997612e-05,66,64
5.960107,4.899999999974369e-05,66,64
6.075916,0.1158090000000005,65226,64
6.075999,8.300000000005525e-05,65226,64
6.076033,3.399999999942338e-05,818,64
6.076045,1.1999999999900979e-05,66,64
6.076093,4.8000000000492093e-05,66,64
6.192923,0.11683000000000021,65226,64
6.193035,0.00011199999999966792,65226,64
6.193072,3.6999999999842714e-05,818,64
6.193078,5.999999999950489e-06,66,64
6.193125,4.7000000000352316e-05,66,64
6.308954,0.11582899999999974,65226,64
6.309045,9.10000000002853e-05,65226,64
6.309087,4.1999999999653426e-05,66,64
6.309101,1.4000000000180535e-05,818,64
6.309126,2.4999999999941735e-05,66,64
6.30916,3.400000000031156e-05,66,64
6.42595,0.11678999999999995,65226,64
6.426039,8.900000000000574e-05,65226,64
6.426074,3.499999999956316e-05,818,64
6.426099,2.4999999999941735e-05,66,64
6.426146,4.7000000000352316e-05,66,64
6.542925,0.11677900000000019,65226,64
6.542993,6.799999999973494e-05,65226,64
6.543017,2.3999999999801958e-05,818,64
6.543337,0.00032000000000032003,66,64
6.658895,0.11555800000000005,65226,64
6.658952,5.699999999997374e-05,65226,64
6.658979,2.700000000022129e-05,818,64
6.659032,5.2999999999414626e-05,66,64
6.774925,0.1158929999999998,65226,64
6.7749880000000005,6.30000000008124e-05,65226,64
6.77501,2.19999999995224e-05,818,64
6.775066,5.599999999983396e-05,66,64
6.891906,0.11683999999999983,65226,64
6.891995,8.900000000000574e-05,65226,64
6.89203,3.500000000045134e-05,818,64
6.89229,0.00025999999999992696,66,64
7.008925,0.1166349999999996,65226,64
7.008986,6.100000000053285e-05,65226,64
7.009027,4.099999999951365e-05,818,64
7.009051,2.4000000000690136e-05,66,64
7.009099,4.7999999999603915e-05,66,64
7.124918,0.11581900000000012,65226,64
7.124983,6.500000000020378e-05,65226,64
7.125008,2.4999999999941735e-05,818,64
7.125028,2.0000000000131024e-05,66,64
7.125074,4.599999999932436e-05,66,64
7.241937,0.11686300000000038,65226,64
7.242051,0.00011399999999994748,65226,64
7.242098,4.7000000000352316e-05,818,64
7.242101,2.9999999995311555e-06,66,64
7.24215,4.899999999974369e-05,66,64
7.357901,0.11575100000000038,65226,64
7.357963,6.199999999978445e-05,65226,64
7.357996,3.300000000017178e-05,818,64
7.358023,2.700000000022129e-05,66,64
7.358072,4.899999999974369e-05,66,64
7.474951,0.11687899999999996,65226,64
7.475054,0.00010300000000018628,65226,64
7.475088,3.400000000031156e-05,66,64
7.475112,2.3999999999801958e-05,818,64
7.475129,1.699999999971169e-05,66,64
7.475154,2.4999999999941735e-05,66,64
7.590924,0.11577000000000037,65226,64
7.59101,8.599999999958641e-05,65226,64
7.59104,2.9999999999752447e-05,818,64
7.591287,0.0002470000000007744,66,64
7.63977,0.048483000000000054,70,255
7.707896,0.06812599999999946,65226,64
7.707948,5.200000000016303e-05,65226,64
7.7079889999999995,4.099999999951365e-05,818,64
7.708037,4.8000000000492093e-05,66,64
7.708077,4.000000000026205e-05,66,64
7.823916,0.11583899999999936,65226,64
7.824002,8.600000000047459e-05,65226,64
7.824035,3.300000000017178e-05,66,64
7.824052,1.699999999971169e-05,818,64
7.8240739999999995,2.19999999995224e-05,66,64
7.824101,2.700000000022129e-05,66,64
7.89678,0.07267899999999994,70,255
7.940898,0.0441180000000001,65226,64
7.94098,8.199999999991547e-05,65226,64
7.941016,3.6000000000591115e-05,818,64
7.941262,0.0002459999999997464,66,64
8.0569,0.11563800000000057,65226,64
8.056957,5.699999999997374e-05,65226,64
8.056999,4.199999999876525e-05,818,64
8.057038,3.900000000101045e-05,66,64
8.057078,4.000000000026205e-05,66,64
8.173899,0.11682099999999984,65226,64
8.173956,5.699999999997374e-05,65226,64
8.173978,2.19999999995224e-05,818,64
8.174034,5.600000000072214e-05,66,64
8.289905,0.1158709999999985,65226,64
8.289981,7.599999999996498e-05,65226,64
8.290011,3.0000000000640625e-05,818,64
8.290269,0.0002580000000005356,66,64
8.406926,0.11665700000000001,65226,64
8.406989,6.299999999903605e-05,65226,64
8.407029,4.000000000026205e-05,818,64
8.407069,4.000000000026205e-05,66,64
8.407109,4.000000000026205e-05,66,64
8.522904,0.11579500000000031,65226,64
8.522963,5.9000000000253294e-05,65226,64
8.522984,2.0999999998494445e-05,818,64
8.523025,4.1000000001290005e-05,66,64
8.523077,5.200000000016303e-05,66,64
8.6399,0.11682300000000012,65226,64
8.639983,8.300000000005525e-05,65226,64
8.640014,3.0999999999892225e-05,818,64
8.640267,0.0002529999999989485,66,64
8.755899,0.11563199999999973,65226,64
8.755954,5.499999999969418e-05,65226,64
8.755979,2.5000000000829914e-05,818,64
8.756041,6.199999999978445e-05,66,64
8.872926,0.1168849999999999,65226,64
8.872989,6.30000000008124e-05,65226,64
8.873012,2.2999999998774e-05,818,64
8.873066,5.400000000044258e-05,66,64
8.9889,0.11583399999999955,65226,64
8.988964,6.4000000000064e-05,65226,64
8.988987,2.3000000000550358e-05,818,64
8.989231,0.00024400000000035504,66,64
9.043904,0.054672999999999305,67,64
9.044036,0.00013200000000068712,66,64
9.044102,6.600000000034356e-05,67,64
9.044118,1.5999999998683734e-05,66,64
9.044178,6.000000000128125e-05,70,64
9.051768,0.007589999999998653,66,64
9.088127,0.03635900000000092,66,64
9.088156,2.899999999961267e-05,352,64
9.088193,3.700000000073089e-05,66,64
9.088369,0.00017599999999973193,70,64
9.131777,0.04340799999999945,66,64
9.131856,7.90000000012725e-05,339,64
9.131867,1.0999999998873022e-05,66,64
9.131978,0.00011100000000041632,66,64
9.132025,4.7000000000352316e-05,66,64
9.132108,8.300000000005525e-05,67,64
9.132137,2.899999999961267e-05,66,64
9.132211,7.399999999968543e-05,66,64
9.13223,1.8999999999991246e-05,66,64
9.689164,0.556934,70,255
10.488782,0.7996180000000006,203,255
10.872284,0.383502,203,255
10.980434,0.10815000000000019,74,64
10.98236,0.0019259999999992061,74,64
10.982384,2.3999999999801958e-05,66,64
10.982404,2.0000000001019203e-05,103,64
10.982813,0.0004089999999994376,66,64
10.982841,2.800000000036107e-05,66,64
10.982868,2.6999999999333113e-05,67,64
10.982873,4.999999999810711e-06,66,64
10.982928,5.499999999969418e-05,70,64
11.027862,0.04493400000000136,66,64
11.027885,2.2999999998774e-05,185,64
11.027906,2.1000000000270802e-05,66,64
11.027959,5.2999999999414626e-05,67,64
11.028025,6.600000000034356e-05,74,64
11.029365,0.001340000000000785,74,64
11.029381,1.600000000046009e-05,66,64
11.029393,1.1999999999900979e-05,103,64
11.030367,0.0009739999999993643,66,64
11.071748,0.041380999999999446,66,64
11.071798,4.999999999988347e-05,68,64
11.071805,7.000000000090267e-06,66,64
11.071835,3.0000000000640625e-05,7306,64
11.071877,4.2000000000541604e-05,7306,64
11.072295,0.0004179999999998074,66,64
11.072297,2.000000000279556e-06,66,64
11.072306,8.999999998593466e-06,66,64
11.072315,9.000000000369823e-06,2962,64
11.072334,1.8999999999991246e-05,10202,64
11.072337,2.9999999995311555e-06,78,64
11.072345,8.000000001118224e-06,1514,64
11.072356,1.0999999998873022e-05,7306,64
11.072365,9.000000000369823e-06,4410,64
11.072374,9.000000000369823e-06,1514,64
11.07238,6.000000000838668e-06,1514,64
11.072415,3.499999999867498e-05,86,64
11.072416,1.0000000010279564e-06,86,64
11.072427,1.0999999998873022e-05,7306,64
11.072435,8.000000001118224e-06,78,64
11.07244,4.999999999810711e-06,86,64
11.072442,2.000000000279556e-06,1514,64
11.072443,9.999999992515995e-07,66,64
11.072447,4.000000000559112e-06,8754,64
11.072453,5.999999999062311e-06,4410,64
11.072484,3.0999999999892225e-05,2962,64
11.072493,9.000000000369823e-06,1514,64
11.072508,1.4999999999432134e-05,78,64
11.072509,1.0000000010279564e-06,78,64
11.072511,2.000000000279556e-06,66,64
11.072512,9.999999992515995e-07,66,64
11.072522,9.999999999621423e-06,1514,64
11.072536,1.4000000000180535e-05,66,64
11.072538,2.000000000279556e-06,66,64
11.072539,1.0000000010279564e-06,10202,64
11.072552,1.2999999999152578e-05,7306,64
11.072567,1.4999999999432134e-05,1514,64
11.072585,1.8000000000739647e-05,66,64
11.072586,9.999999992515995e-07,66,64
11.072595,9.000000000369823e-06,1514,64
11.072598,2.9999999995311555e-06,66,64
11.072604,6.000000000838668e-06,66,64
11.072605,9.999999992515995e-07,10202,64
11.072612,7.000000000090267e-06,1514,64
11.072619,7.000000000090267e-06,66,64
11.072632,1.3000000000928935e-05,7306,64
11.072636,3.999999998782755e-06,66,64
11.072661,2.5000000000829914e-05,66,64
11.072671,9.999999999621423e-06,1514,64
11.0727,2.899999999961267e-05,78,64
11.072702,2.000000000279556e-06,66,64
11.072702,0.0,66,64
11.072716,1.4000000000180535e-05,66,64
11.072724,7.999999999341867e-06,66,64
11.072736,1.2000000001677336e-05,66,64
11.162914,0.09017799999999987,21786,64
11.162977,6.299999999903605e-05,66,64
11.163006,2.899999999961267e-05,20842,64
11.163036,3.0000000000640625e-05,66,64
11.16309,5.400000000044258e-05,21786,64
11.16312,2.999999999886427e-05,66,64
11.16313,1.000000000139778e-05,21786,64
11.16316,2.999999999886427e-05,66,64
11.16317,9.999999999621423e-06,21786,64
11.163198,2.800000000036107e-05,66,64
11.163208,9.999999999621423e-06,21786,64
11.163238,3.0000000000640625e-05,66,64
11.163248,9.999999999621423e-06,1762,64
11.163272,2.3999999999801958e-05,66,64
11.278925,0.115653,65226,64
11.279023,9.800000000126374e-05,66,64
11.279066,4.2999999999793204e-05,65226,64
11.279121,5.499999999969418e-05,66,64
11.27914,1.8999999999991246e-05,818,64
11.27917,3.0000000000640625e-05,66,64
11.395899,0.11672899999999942,65226,64
11.39594,4.099999999951365e-05,66,64
11.395963,2.3000000000550358e-05,65226,64
11.395988,2.4999999999053557e-05,66,64
11.395995,7.000000000090267e-06,818,64
11.396052,5.699999999997374e-05,66,64
11.511918,0.11586600000000047,65226,64
11.511976,5.8000000001001695e-05,66,64
11.512003,2.6999999999333113e-05,65226,64
11.51203,2.6999999999333113e-05,66,64
11.512046,1.600000000046009e-05,818,64
11.512061,1.4999999999432134e-05,66,64
11.628909,0.11684800000000095,65226,64
11.628973,6.4000000000064e-05,66,64
11.629007,3.399999999942338e-05,65226,64
11.62904,3.300000000017178e-05,66,64
11.62905,9.999999999621423e-06,818,64
11.629065,1.5000000001208491e-05,66,64
11.736736,0.10767099999999985,70,255
11.744903,0.008167000000000257,65226,64
11.744953,4.999999999988347e-05,66,64
11.744987,3.399999999942338e-05,65226,64
11.745022,3.500000000045134e-05,66,64
11.745032,9.999999999621423e-06,818,64
11.745048,1.600000000046009e-05,66,64
11.861902,0.11685400000000001,65226,64
11.861953,5.099999999913507e-05,66,64
11.861979,2.6000000000081513e-05,65226,64
11.862005,2.6000000000081513e-05,66,64
11.862014,9.000000000369823e-06,818,64
11.862029,1.4999999999432134e-05,66,64
11.9779,0.11587100000000028,65226,64
11.977961,6.100000000053285e-05,66,64
11.977993,3.1999999999143824e-05,65226,64
11.978025,3.200000000092018e-05,66,64
11.978034,8.999999998593466e-06,818,64
11.978045999999999,1.1999999999900979e-05,66,64
12.094903,0.11685700000000132,65226,64
12.094955,5.200000000016303e-05,66,64
12.094988,3.300000000017178e-05,65226,64
12.095023,3.499999999867498e-05,66,64
12.095033,1.000000000139778e-05,818,64
12.095047,1.3999999998404178e-05,66,64
12.210925,0.11587800000000037,65226,64
12.210993,6.800000000062312e-05,66,64
12.211028,3.500000000045134e-05,65226,64
12.211068,3.999999999848569e-05,66,64
12.211083,1.5000000001208491e-05,818,64
12.211108,2.4999999999053557e-05,66,64
12.327901,0.11679300000000126,65226,64
12.327966,6.49999999993156e-05,66,64
12.327995,2.899999999961267e-05,65226,64
12.328026,3.0999999999892225e-05,66,64
12.328035,9.000000000369823e-06,818,64
12.328072,3.700000000073089e-05,66,64
12.443917,0.1158450000000002,65226,64
12.443996,7.899999999949614e-05,65226,64
12.444028,3.1999999999143824e-05,66,64
12.444038,1.000000000139778e-05,818,64
12.444052,1.3999999998404178e-05,66,64
12.444061,9.000000000369823e-06,66,64
12.560899,0.11683799999999955,65226,64
12.560956000000001,5.7000000001750095e-05,65226,64
12.560977,2.0999999998494445e-05,818,64
12.561004,2.700000000110947e-05,66,64
12.561026,2.19999999995224e-05,66,64
12.676901,0.11587500000000084,65226,64
12.676972,7.099999999837792e-05,65226,64
12.677001,2.9000000001389026e-05,66,64
12.677004,2.9999999995311555e-06,818,64
12.677025,2.1000000000270802e-05,66,64
12.677038,1.2999999999152578e-05,66,64
12.79393,0.116892,65226,64
12.793992,6.199999999978445e-05,65226,64
12.794032,4.000000000026205e-05,818,64
12.794085,5.300000000119098e-05,66,64
12.794144,5.899999999847694e-05,66,64
12.909935,0.11579100000000153,65226,64
12.909998,6.299999999903605e-05,65226,64
12.910019,2.1000000000270802e-05,818,64
12.910078,5.9000000000253294e-05,66,64
13.026906,0.11682799999999993,65226,64
13.026985,7.899999999949614e-05,65226,64
13.027014,2.899999999961267e-05,818,64
13.02729,0.0002760000000012752,66,64
13.142927,0.11563699999999955,65226,64
13.142995,6.800000000062312e-05,65226,64
13.14302,2.4999999999053557e-05,66,64
13.143032,1.1999999999900979e-05,818,64
13.143043,1.100000000064938e-05,66,64
13.143054,1.0999999998873022e-05,66,64
13.259907,0.11685300000000076,65226,64
13.259967,5.9999999999504894e-05,65226,64
13.259989000000001,2.200000000129876e-05,818,64
13.260054,6.49999999993156e-05,66,64
13.375907,0.11585299999999954,65226,64
13.375972,6.500000000109196e-05,65226,64
13.375998,2.5999999998305157e-05,66,64
13.376002,4.000000000559112e-06,818,64
13.37602,1.8000000000739647e-05,66,64
13.376032,1.1999999999900979e-05,66,64
13.492951,0.11691899999999933,65226,64
13.49303,7.899999999949614e-05,65226,64
13.493075,4.500000000007276e-05,818,64
13.493094,1.8999999999991246e-05,66,64
13.493142,4.800000000138027e-05,66,64
13.608926,0.11578399999999966,65226,64
13.609008,8.19999999990273e-05,65226,64
13.609047,3.900000000101045e-05,818,64
13.609084,3.6999999998954536e-05,66,64
13.609119,3.500000000045134e-05,66,64
13.725923,0.11680400000000013,65226,64
13.726016,9.299999999967667e-05,65226,64
13.726055,3.900000000101045e-05,818,64
13.726283,0.00022799999999989495,66,64
13.841921,0.1156379999999988,65226,64
13.842004,8.300000000005525e-05,65226,64
13.842043,3.900000000101045e-05,818,64
13.84205,7.000000000090267e-06,66,64
13.842088,3.799999999998249e-05,66,64
13.95896,0.11687199999999898,65226,64
13.959043,8.300000000005525e-05,65226,64
13.95908,3.700000000073089e-05,818,64
13.959107,2.6999999999333113e-05,66,64
13.959154,4.7000000000352316e-05,66,64
14.074924,0.11576999999999948,65226,64
14.075029,0.00010500000000135401,65226,64
14.075081,5.200000000016303e-05,818,64
14.075472,0.00039099999999869794,66,64
14.191906,0.11643399999999993,65226,64
14.191969,6.30000000008124e-05,65226,64
14.191997,2.800000000036107e-05,66,64
14.192004,7.000000000090267e-06,818,64
14.19202,1.5999999998683734e-05,66,64
14.192033,1.3000000000928935e-05,66,64
14.307912,0.11587899999999962,65226,64
14.307986,7.399999999968543e-05,65226,64
14.30802,3.400000000119974e-05,818,64
14.30807,4.999999999988347e-05,66,64
14.308101,3.0999999999892225e-05,66,64
14.424916,0.116814999999999,65226,64
14.42501,9.400000000070463e-05,65226,64
14.425053,4.2999999999793204e-05,818,64
14.425078,2.4999999999053557e-05,66,64
14.425133,5.500000000147054e-05,66,64
14.540918,0.11578499999999892,65226,64
14.540995,7.700000000099294e-05,65226,64
14.541038,4.2999999999793204e-05,818,64
14.541056,1.799999999896329e-05,66,64
14.541102,4.6000000001100716e-05,66,64
14.657923,0.11682099999999984,65226,64
14.658001,7.800000000024454e-05,65226,64
14.658036,3.499999999867498e-05,66,64
14.658038,2.000000000279556e-06,818,64
14.658059,2.1000000000270802e-05,66,64
14.658075,1.600000000046009e-05,66,64
14.773902,0.11582699999999946,65226,64
14.773979,7.700000000099294e-05,65226,64
14.774000000000001,2.1000000000270802e-05,66,64
14.774011,1.0999999998873022e-05,818,64
14.774023,1.1999999999900979e-05,66,64
14.774035,1.1999999999900979e-05,66,64
14.89096,0.11692500000000017,65226,64
14.891051000000001,9.100000000117348e-05,65226,64
14.891098,4.699999999857596e-05,818,64
14.891124,2.6000000000081513e-05,66,64
14.891172,4.7999999999603915e-05,66,64
15.006959,0.11578700000000097,65226,64
15.007046,8.700000000061436e-05,65226,64
15.007083,3.6999999998954536e-05,818,64
15.007112,2.899999999961267e-05,66,64
15.007161,4.900000000063187e-05,66,64
15.123907,0.1167460000000009,65226,64
15.12398,7.299999999865747e-05,65226,64
15.124005,2.5000000000829914e-05,66,64
15.124011,5.999999999062311e-06,818,64
15.124027,1.600000000046009e-05,66,64
15.124041,1.4000000000180535e-05,66,64
15.2399,0.11585900000000038,65226,64
15.239958,5.799999999922534e-05,65226,64
15.240003,4.500000000007276e-05,818,64
15.240214,0.00021100000000018326,66,64
15.356956,0.11674200000000035,65226,64
15.357038,8.19999999990273e-05,65226,64
15.357074,3.600000000147929e-05,818,64
15.357116,4.199999999876525e-05,66,64
15.357152,3.5999999999702936e-05,66,64
15.472922,0.11577000000000126,65226,64
15.473023,0.00010099999999901854,65226,64
15.473056,3.300000000017178e-05,66,64
15.473068,1.1999999999900979e-05,818,64
15.473092,2.3999999999801958e-05,66,64
15.473118,2.6000000000081513e-05,66,64
15.589925000000001,0.11680700000000144,65226,64
15.590021,9.599999999920783e-05,65226,64
15.590076,5.499999999969418e-05,818,64
15.590085,9.000000000369823e-06,66,64
15.590142,5.699999999997374e-05,66,64
15.705922,0.1157799999999991,65226,64
15.706003,8.100000000155205e-05,65226,64
15.706035,3.1999999999143824e-05,66,64
15.70604,4.999999999810711e-06,818,64
15.706058,1.8000000000739647e-05,66,64
15.70607,1.1999999999900979e-05,66,64
15.822955,0.1168849999999999,65226,64
15.823051,9.599999999920783e-05,65226,64
15.823085,3.400000000119974e-05,66,64
15.823094,8.999999998593466e-06,818,64
15.823116,2.200000000129876e-05,66,64
15.823131,1.4999999999432134e-05,66,64
15.938921,0.1157900000000005,65226,64
15.939006,8.499999999855845e-05,65226,64
15.939045,3.900000000101045e-05,818,64
15.939104,5.9000000000253294e-05,66,64
15.939155,5.099999999913507e-05,66,64
16.055926,0.11677099999999996,65226,64
16.056014,8.800000000164232e-05,65226,64
16.056049,3.500000000045134e-05,818,64
16.056075,2.5999999998305157e-05,66,64
16.056123,4.7999999999603915e-05,66,64
16.171928,0.11580500000000171,65226,64
16.172021,9.299999999967667e-05,65226,64
16.172054,3.2999999998395424e-05,818,64
16.172085,3.0999999999892225e-05,66,64
16.17214,5.499999999969418e-05,66,64
16.28892,0.1167800000000021,65226,64
16.288995,7.499999999893703e-05,65226,64
16.289037,4.2000000000541604e-05,818,64
16.289097,6.000000000128125e-05,66,64
16.289155,5.799999999922534e-05,66,64
16.404925,0.11576999999999771,65226,64
16.404983,5.800000000277805e-05,65226,64
16.405006,2.2999999998774e-05,818,64
16.405062,5.600000000072214e-05,66,64
16.521907,0.11684499999999787,65226,64
16.522009,0.00010200000000182285,65226,64
16.522044,3.500000000045134e-05,818,64
16.522297000000002,0.00025300000000072487,66,64
16.637929,0.11563199999999796,65226,64
16.637988,5.9000000000253294e-05,65226,64
16.63803,4.2000000000541604e-05,818,64
16.638079,4.900000000063187e-05,66,64
16.638128000000002,4.900000000063187e-05,66,64
16.754911,0.11678299999999808,65226,64
16.754986,7.499999999893703e-05,65226,64
16.755020000000002,3.4000000002976094e-05,818,64
16.755255,0.0002349999999964325,66,64
16.870936,0.11568100000000214,65226,64
16.871035,9.899999999873899e-05,65226,64
16.871068,3.300000000194814e-05,818,64
16.87132,0.0002519999999996969,66,64
16.987921,0.11660099999999929,65226,64
16.988006,8.499999999855845e-05,65226,64
16.988043,3.700000000250725e-05,818,64
16.988066,2.2999999998774e-05,66,64
16.988125,5.9000000000253294e-05,66,64
17.103909,0.11578400000000144,65226,64
17.103969,5.999999999772854e-05,65226,64
17.103992,2.3000000002326715e-05,818,64
17.104007,1.4999999997655777e-05,66,64
17.104041,3.399999999942338e-05,66,64
17.220932,0.11689100000000252,65226,64
17.22102,8.79999999980896e-05,65226,64
17.22105,3.0000000002416982e-05,818,64
17.221316,0.00026599999999987745,66,64
17.336899,0.11558299999999733,65226,64
17.33695,5.1000000002687784e-05,65226,64
17.336977,2.6999999999333113e-05,818,64
17.337035,5.799999999922534e-05,66,64
17.453907,0.11687200000000075,65226,64
17.453966,5.9000000000253294e-05,65226,64
17.453992,2.5999999998305157e-05,818,64
17.454046,5.400000000221894e-05,66,64
17.570929,0.11688299999999785,65226,64
17.571,7.100000000193063e-05,65226,64
17.571024,2.3999999999801958e-05,818,64
17.571286,0.00026199999999931833,66,64
17.686936,0.1156499999999987,65226,64
17.687002,6.600000000034356e-05,65226,64
17.687042,4.0000000002038405e-05,818,64
17.687083,4.099999999951365e-05,66,64
17.687138,5.499999999969418e-05,66,64
17.803901,0.11676299999999884,65226,64
17.803959,5.799999999922534e-05,65226,64
17.803982,2.3000000002326715e-05,818,64
17.80404,5.799999999922534e-05,66,64
17.919933,0.1158929999999998,65226,64
17.920026,9.299999999967667e-05,65226,64
17.92005,2.3999999999801958e-05,66,64
17.920065,1.5000000001208491e-05,818,64
17.920074,8.999999998593466e-06,66,64
17.920087,1.2999999999152578e-05,66,64
18.036952,0.11686500000000066,65226,64
18.037038,8.599999999958641e-05,65226,64
18.037047,9.00000000214618e-06,66,64
18.037086,3.8999999997457735e-05,818,64
18.037105,1.9000000001767603e-05,66,64
18.037119,1.4000000000180535e-05,66,64
18.152923,0.11580400000000068,65226,64
18.153013,9.000000000014552e-05,65226,64
18.15303,1.699999999971169e-05,66,64
18.153049,1.899999999821489e-05,818,64
18.153052,2.9999999995311555e-06,66,64
18.153073,2.1000000000270802e-05,66,64
18.269921,0.11684800000000095,65226,64
18.270021,9.999999999976694e-05,65226,64
18.270034,1.2999999999152578e-05,66,64
18.270074,4.0000000002038405e-05,818,64
18.270085,1.100000000064938e-05,66,64
18.2701,1.4999999997655777e-05,66,64
18.385916,0.11581600000000236,65226,64
18.385993,7.699999999744023e-05,65226,64
18.38603,3.700000000250725e-05,818,64
18.386044,1.3999999996627821e-05,66,64
18.386086,4.2000000000541604e-05,66,64
18.502958,0.11687200000000075,65226,64
18.503051,9.299999999967667e-05,65226,64
18.503086,3.500000000045134e-05,818,64
18.503112,2.600000000185787e-05,66,64
18.503161,4.899999999707916e-05,66,64
18.618927,0.1157660000000007,65226,64
18.61902,9.299999999967667e-05,65226,64
18.619056,3.600000000147929e-05,818,64
18.619252,0.00019599999999897477,66,64
18.73593,0.11667800000000028,65226,64
18.736011,8.100000000155205e-05,65226,64
18.736051,3.999999999848569e-05,818,64
18.736073,2.200000000129876e-05,66,64
18.736131,5.799999999922534e-05,66,64
18.85194,0.11580899999999872,65226,64
18.852028,8.800000000164232e-05,65226,64
18.852063,3.500000000045134e-05,818,64
18.85209,2.6999999999333113e-05,66,64
18.85214,4.9999999998107114e-05,66,64
18.968929,0.1167890000000007,65226,64
18.969025,9.599999999920783e-05,65226,64
18.969061,3.600000000147929e-05,818,64
18.969074,1.2999999999152578e-05,66,64
18.969132,5.799999999922534e-05,66,64
19.084908,0.11577600000000032,65226,64
19.084973,6.500000000286832e-05,65226,64
19.085002,2.8999999997836312e-05,818,64
19.085071,6.899999999987472e-05,66,64
19.201905,0.11683400000000077,65226,64
19.201964,5.9000000000253294e-05,65226,64
19.201986,2.200000000129876e-05,818,64
19.202045,5.899999999670058e-05,66,64
19.317902,0.11585700000000188,65226,64
19.317977,7.499999999893703e-05,65226,64
19.318007,3.0000000002416982e-05,818,64
19.318033,2.5999999998305157e-05,66,64
19.31809,5.7000000001750095e-05,66,64
19.434906,0.11681600000000003,65226,64
19.434964,5.799999999922534e-05,65226,64
19.435013,4.900000000063187e-05,818,64
19.435061,4.7999999999603915e-05,66,64
19.435108,4.699999999857596e-05,66,64
19.550919,0.11581100000000077,65226,64
19.551003,8.400000000108321e-05,65226,64
19.55104,3.6999999998954536e-05,818,64
19.551077,3.6999999998954536e-05,66,64
19.551121,4.39999999990448e-05,66,64
19.667923000000002,0.1168020000000034,65226,64
19.668017,9.399999999715192e-05,65226,64
19.668051,3.399999999942338e-05,818,64
19.668281,0.00023000000000195087,66,64
19.783921,0.11563999999999908,65226,64
19.784006,8.500000000211116e-05,65226,64
19.784044,3.799999999998249e-05,818,64
19.784055,1.0999999997096666e-05,66,64
19.784119,6.400000000184036e-05,66,64
19.900924,0.11680499999999938,65226,64
19.901007,8.300000000005525e-05,65226,64
19.901042,3.500000000045134e-05,818,64
19.901084,4.2000000000541604e-05,66,64
19.901129,4.500000000007276e-05,66,64
20.016959,0.11582999999999899,65226,64
20.017057,9.800000000126374e-05,65226,64
20.017098,4.099999999951365e-05,818,64
20.017315,0.00021699999999924557,66,64
20.071899,0.05458399999999841,67,64
20.072024,0.00012500000000059686,66,64
20.072096,7.199999999940587e-05,67,64
20.072113,1.7000000003264404e-05,66,64
20.072157,4.39999999990448e-05,70,64
20.07977,0.007612999999999204,66,64
20.115822,0.03605200000000153,66,64
20.11585,2.7999999996808356e-05,351,64
20.115887,3.700000000250725e-05,66,64
20.116017,0.0001299999999986312,70,64
20.159765,0.043748000000000786,66,64
20.159818,5.300000000119098e-05,339,64
20.159827,8.999999998593466e-06,66,64
20.159934,0.00010699999999985721,66,64
20.159977,4.300000000156956e-05,66,64
20.160053,7.599999999996498e-05,67,64
20.160082,2.8999999997836312e-05,66,64
20.160149,6.700000000137152e-05,66,64
20.160167,1.8000000000739647e-05,66,64
24.004024,3.843857,74,64
24.005272,0.00124800000000036,74,64
24.005286,1.4000000000180535e-05,66,64
24.005304,1.7999999997186933e-05,103,64
24.006037,0.0007330000000003167,66,64
24.006062,2.5000000000829914e-05,67,64
24.006066,4.000000000559112e-06,66,64
24.006112,4.6000000001100716e-05,70,64
24.051969,0.04585699999999804,66,64
24.051992,2.2999999998774e-05,185,64
24.052072,8.00000000005241e-05,66,64
24.052158,8.599999999958641e-05,67,64
24.052234,7.599999999996498e-05,74,64
24.053948,0.0017139999999997713,74,64
24.053967,1.9000000001767603e-05,66,64
24.053983,1.5999999998683734e-05,103,64
24.055051,0.001068000000000069,66,64
24.099755,0.04470399999999941,66,64
24.099831000000002,7.60000000035177e-05,68,64
24.099842,1.0999999997096666e-05,66,64
24.09987,2.800000000036107e-05,7306,64
24.099918,4.7999999999603915e-05,7306,64
24.100352,0.00043400000000204386,66,64
24.100367,1.4999999997655777e-05,2962,64
24.100368,1.0000000010279564e-06,66,64
24.100384,1.5999999998683734e-05,11650,64
24.100387,3.000000003083869e-06,66,64
24.100391,3.999999997006398e-06,2962,64
24.1004,9.00000000214618e-06,4410,64
24.100407,7.000000000090267e-06,13098,64
24.100421,1.4000000000180535e-05,66,64
24.10043,8.999999998593466e-06,66,64
24.10043,0.0,66,64
24.100431,1.0000000010279564e-06,8754,64
24.100437,5.999999999062311e-06,14546,64
24.100447,9.999999999621423e-06,5858,64
24.100455,8.000000001118224e-06,66,64
24.100458,2.9999999995311555e-06,66,64
24.100463,5.000000001587068e-06,66,64
24.100465,1.999999998503199e-06,66,64
24.100465,0.0,66,64
24.10047,5.000000001587068e-06,66,64
24.100471,9.999999974752427e-07,1514,64
24.100477,6.000000002615025e-06,7306,64
24.100484,7.000000000090267e-06,66,64
24.10049,5.999999999062311e-06,66,64
24.100523,3.2999999998395424e-05,66,64
24.100532,9.00000000214618e-06,14546,64
24.100553,2.1000000000270802e-05,66,64
24.190944000000002,0.09039100000000033,34818,64
24.190998,5.3999999998666226e-05,34818,64
24.191023,2.5000000000829914e-05,66,64
24.191032,8.999999998593466e-06,2242,64
24.191036,4.000000000559112e-06,66,64
24.191048,1.1999999998124622e-05,66,64
24.191054,6.000000002615025e-06,34818,64
24.191078,2.3999999999801958e-05,66,64
24.191086,7.99999999756551e-06,24682,64
24.191104,1.8000000000739647e-05,66,64
24.191115,1.100000000064938e-05,90,64
24.191141000000002,2.600000000185787e-05,66,64
24.306941,0.11579999999999657,65226,64
24.307002,6.100000000230921e-05,66,64
24.307039,3.6999999998954536e-05,65226,64
24.307078,3.900000000101045e-05,66,64
24.307089,1.100000000064938e-05,818,64
24.307105,1.5999999998683734e-05,66,64
24.423954,0.11684899999999843,65226,64
24.424003,4.900000000063187e-05,66,64
24.424032,2.9000000001389026e-05,65226,64
24.424059,2.6999999999333113e-05,66,64
24.424069,9.999999999621423e-06,818,64
24.424085,1.6000000002236447e-05,66,64
24.53997,0.11588499999999868,65226,64
24.540041,7.099999999837792e-05,66,64
24.540077,3.600000000147929e-05,65226,64
24.540119,4.2000000000541604e-05,66,64
24.540134,1.4999999997655777e-05,818,64
24.540157,2.3000000002326715e-05,66,64
24.656938,0.11678099999999958,65226,64
24.656977,3.900000000101045e-05,66,64
24.657,2.2999999998774e-05,65226,64
24.657039,3.900000000101045e-05,66,64
24.65705,1.100000000064938e-05,818,64
24.657064,1.3999999996627821e-05,66,64
24.772936,0.11587200000000308,65226,64
24.772973,3.6999999998954536e-05,66,64
24.772996,2.2999999998774e-05,65226,64
24.773016,1.9999999999242846e-05,818,64
24.773039,2.3000000002326715e-05,66,64
24.773067,2.800000000036107e-05,66,64
24.889946,0.11687899999999729,65226,64
24.890009,6.30000000008124e-05,66,64
24.89004,3.0999999999892225e-05,65226,64
24.890076,3.600000000147929e-05,66,64
24.890087,1.100000000064938e-05,818,64
24.890105,1.7999999997186933e-05,66,64
25.005936,0.11583100000000002,65226,64
25.005975,3.900000000101045e-05,66,64
25.006001,2.600000000185787e-05,65226,64
25.006034,3.2999999998395424e-05,66,64
25.006044,9.999999999621423e-06,818,64
25.006092,4.7999999999603915e-05,66,64
25.122954,0.11686200000000113,65226,64
25.123014,6.000000000128125e-05,66,64
25.123045,3.0999999999892225e-05,65226,64
25.12308,3.500000000045134e-05,66,64
25.123093,1.2999999999152578e-05,818,64
25.123112,1.899999999821489e-05,66,64
25.238937,0.11582500000000095,65226,64
25.238992,5.499999999969418e-05,66,64
25.239021,2.9000000001389026e-05,65226,64
25.239053,3.199999999736747e-05,66,64
25.239062,9.00000000214618e-06,818,64
25.239076,1.4000000000180535e-05,66,64
25.355976,0.11689999999999756,65226,64
25.356044,6.800000000239947e-05,66,64
25.35608,3.599999999792658e-05,65226,64
25.356122,4.2000000000541604e-05,66,64
25.356137,1.5000000001208491e-05,818,64
25.35616,2.2999999998774e-05,66,64
25.471938,0.11577800000000238,65226,64
25.471977,3.8999999997457735e-05,66,64
25.471999,2.200000000129876e-05,65226,64
25.472019,1.9999999999242846e-05,818,64
25.472049,2.999999999886427e-05,66,64
25.472077,2.800000000036107e-05,66,64
25.588952,0.11687500000000028,65226,64
25.589019,6.700000000137152e-05,66,64
25.589058,3.900000000101045e-05,65226,64
25.589106,4.7999999999603915e-05,66,64
25.589122,1.5999999998683734e-05,818,64
25.589147,2.5000000000829914e-05,66,64
25.704961,0.1158140000000003,65226,64
25.70504,7.899999999949614e-05,65226,64
25.705084,4.39999999990448e-05,818,64
25.705084,0.0,66,64
25.705116,3.200000000092018e-05,66,64
25.821987,0.11687099999999973,65226,64
25.822061,7.400000000146179e-05,65226,64
25.822092,3.0999999999892225e-05,66,64
25.822097,4.9999999980343546e-06,818,64
25.822115,1.8000000000739647e-05,66,64
25.822124,8.999999998593466e-06,66,64
25.937954,0.11583000000000254,65226,64
25.938044,9.000000000014552e-05,65226,64
25.938079,3.499999999689862e-05,818,64
25.938292,0.00021300000000223918,66,64
26.054941,0.11664899999999889,65226,64
26.054991,5.000000000165983e-05,65226,64
26.05503,3.8999999997457735e-05,818,64
26.055067,3.700000000250725e-05,66,64
26.0551,3.2999999998395424e-05,66,64
26.170942,0.11584200000000067,65226,64
26.171001,5.9000000000253294e-05,65226,64
26.171027,2.5999999998305157e-05,818,64
26.171035,8.000000001118224e-06,66,64
26.171083,4.7999999999603915e-05,66,64
26.287957,0.11687399999999926,65226,64
26.288047,9.000000000014552e-05,65226,64
26.288075,2.800000000036107e-05,66,64
26.28809,1.5000000001208491e-05,818,64
26.288108,1.8000000000739647e-05,66,64
26.288126,1.7999999997186933e-05,66,64
26.40396,0.1158340000000031,65226,64
26.404038,7.799999999846818e-05,65226,64
26.404065,2.6999999999333113e-05,66,64
26.404088,2.3000000002326715e-05,818,64
26.4041,1.1999999998124622e-05,66,64
26.404119,1.9000000001767603e-05,66,64
26.520959,0.11683999999999983,65226,64
26.52106,0.00010099999999724218,65226,64
26.521094,3.4000000002976094e-05,66,64
26.521114,1.9999999999242846e-05,818,64
26.521133,1.899999999821489e-05,66,64
26.521152999999998,1.9999999999242846e-05,66,64
26.636953,0.11580000000000013,65226,64
26.637036,8.300000000005525e-05,65226,64
26.637064,2.800000000036107e-05,66,64
26.637079,1.5000000001208491e-05,818,64
26.637098,1.9000000001767603e-05,66,64
26.637125,2.6999999999333113e-05,66,64
26.753956,0.11683099999999769,65226,64
26.754039,8.300000000005525e-05,65226,64
26.75406,2.1000000000270802e-05,66,64
26.754088,2.800000000036107e-05,818,64
26.754105,1.699999999971169e-05,66,64
26.754123,1.8000000000739647e-05,66,64
26.869985,0.11586199999999991,65226,64
26.870066,8.100000000155205e-05,65226,64
26.87009,2.3999999999801958e-05,66,64
26.870101,1.0999999997096666e-05,818,64
26.870125,2.400000000335467e-05,66,64
26.87015,2.49999999972772e-05,66,64
26.986957,0.11680700000000144,65226,64
26.987073,0.00011599999999845068,65226,64
26.987111,3.799999999998249e-05,66,64
26.987132,2.1000000000270802e-05,818,64
26.987153,2.1000000000270802e-05,66,64
26.987181,2.800000000036107e-05,66,64
27.102959,0.11577799999999883,65226,64
27.103058,9.90000000022917e-05,65226,64
27.103086,2.800000000036107e-05,66,64
27.103118,3.199999999736747e-05,818,64
27.103129,1.100000000064938e-05,66,64
27.103151,2.200000000129876e-05,66,64
27.219967,0.11681600000000003,65226,64
27.220048,8.099999999799934e-05,65226,64
27.220079,3.0999999999892225e-05,66,64
27.220085,6.000000002615025e-06,818,64
27.220103,1.8000000000739647e-05,66,64
27.220114,1.0999999997096666e-05,66,64
27.335955,0.11584099999999964,65226,64
27.33605,9.500000000173259e-05,65226,64
27.336086,3.600000000147929e-05,818,64
27.336107,2.099999999671809e-05,66,64
27.336155,4.800000000315663e-05,66,64
27.452959,0.11680399999999835,65226,64
27.453033,7.400000000146179e-05,65226,64
27.453076,4.299999999801685e-05,818,64
27.45308,4.000000000559112e-06,66,64
27.45312,3.999999999848569e-05,66,64
27.568958,0.11583800000000011,65226,64
27.569034,7.599999999996498e-05,65226,64
27.569071,3.700000000250725e-05,818,64
27.569078,7.000000000090267e-06,66,64
27.569127,4.900000000063187e-05,66,64
27.685993,0.11686599999999814,65226,64
27.686082,8.899999999911756e-05,65226,64
27.686119,3.700000000250725e-05,818,64
27.686159,3.999999999848569e-05,66,64
27.686201,4.2000000000541604e-05,66,64
27.80199,0.11578899999999948,65226,64
27.802073,8.300000000005525e-05,65226,64
27.802114,4.099999999951365e-05,818,64
27.802141,2.6999999999333113e-05,66,64
27.802189,4.7999999999603915e-05,66,64
27.918961,0.11677200000000099,65226,64
27.919039,7.80000000020209e-05,65226,64
27.919075,3.599999999792658e-05,818,64
27.9191,2.5000000000829914e-05,66,64
27.919147,4.699999999857596e-05,66,64
28.03496,0.11581300000000283,65226,64
28.035057,9.699999999668307e-05,65226,64
28.03509,3.300000000194814e-05,66,64
28.035105,1.5000000001208491e-05,818,64
28.035129,2.3999999999801958e-05,66,64
28.035164,3.500000000045134e-05,66,64
28.151957,0.1167929999999977,65226,64
28.152046,8.899999999911756e-05,65226,64
28.152066,2.000000000279556e-05,66,64
28.152098,3.199999999736747e-05,818,64
28.152111,1.3000000002705292e-05,66,64
28.152126,1.4999999997655777e-05,66,64
28.267959,0.11583300000000207,65226,64
28.268041,8.19999999990273e-05,65226,64
28.268068,2.6999999999333113e-05,66,64
28.268079,1.100000000064938e-05,818,64
28.268091,1.1999999998124622e-05,66,64
28.268103,1.2000000001677336e-05,66,64
28.384959,0.11685599999999852,65226,64
28.385059,9.999999999976694e-05,65226,64
28.385078,1.9000000001767603e-05,66,64
28.385114,3.600000000147929e-05,818,64
28.385126,1.1999999998124622e-05,66,64
28.38514,1.4000000000180535e-05,66,64
28.500987,0.1158469999999987,65226,64
28.501067,8.00000000005241e-05,65226,64
28.501104,3.700000000250725e-05,66,64
28.501108,3.999999997006398e-06,818,64
28.501133,2.5000000000829914e-05,66,64
28.501154,2.1000000000270802e-05,66,64
28.617957,0.11680300000000088,65226,64
28.618036,7.899999999949614e-05,65226,64
28.618047,1.100000000064938e-05,66,64
28.618074,2.6999999999333113e-05,818,64
28.618081,7.000000000090267e-06,66,64
28.618098,1.699999999971169e-05,66,64
28.733987,0.11588899999999924,65226,64
28.734104,0.00011699999999947863,65226,64
28.734115,1.100000000064938e-05,66,64
28.734158,4.300000000156956e-05,818,64
28.734174,1.5999999998683734e-05,66,64
28.734193,1.9000000001767603e-05,66,64
28.850954,0.11676100000000034,65226,64
28.851029,7.499999999893703e-05,65226,64
28.851074,4.500000000007276e-05,818,64
28.851417,0.0003430000000008704,66,64
28.96696,0.11554299999999884,65226,64
28.967023,6.30000000008124e-05,65226,64
28.967042,1.899999999821489e-05,66,64
28.967053,1.100000000064938e-05,818,64
28.967064,1.100000000064938e-05,66,64
28.967076,1.1999999998124622e-05,66,64
29.083967,0.11689100000000252,65226,64
29.084054,8.699999999706165e-05,65226,64
29.084088,3.4000000002976094e-05,818,64
29.084097,8.999999998593466e-06,66,64
29.084154,5.7000000001750095e-05,66,64
29.19996,0.11580599999999919,65226,64
29.200044,8.39999999975305e-05,65226,64
29.200071,2.7000000002885827e-05,66,64
29.200092,2.1000000000270802e-05,818,64
29.200109,1.699999999971169e-05,66,64
29.200126,1.699999999971169e-05,66,64
29.316964,0.11683799999999778,65226,64
29.317041,7.700000000099294e-05,65226,64
29.31707,2.9000000001389026e-05,818,64
29.317077,7.000000000090267e-06,66,64
29.317121,4.39999999990448e-05,66,64
29.432958,0.11583699999999908,65226,64
29.433041,8.300000000005525e-05,65226,64
29.433074,3.300000000194814e-05,818,64
29.43309,1.5999999998683734e-05,66,64
29.433146,5.600000000072214e-05,66,64
29.549958,0.11681199999999947,65226,64
29.550037,7.899999999949614e-05,65226,64
29.550081,4.39999999990448e-05,818,64
29.550104,2.3000000002326715e-05,66,64
29.550169,6.49999999993156e-05,66,64
29.665996,0.11582699999999946,65226,64
29.666071,7.499999999893703e-05,65226,64
29.666108,3.700000000250725e-05,818,64
29.66613,2.1999999997746045e-05,66,64
29.666177,4.700000000212867e-05,66,64
29.782997,0.11682000000000059,65226,64
29.783091,9.399999999715192e-05,65226,64
29.78314,4.900000000063187e-05,818,64
29.783323,0.0001829999999998222,66,64
29.898961,0.11563800000000057,65226,64
29.899036,7.499999999893703e-05,65226,64
29.899079,4.300000000156956e-05,818,64
29.899091,1.1999999998124622e-05,66,64
29.899148,5.7000000001750095e-05,66,64
30.015963,0.116814999999999,65226,64
30.016045,8.19999999990273e-05,65226,64
30.016077,3.200000000092018e-05,818,64
30.016106,2.9000000001389026e-05,66,64
30.016153,4.699999999857596e-05,66,64
30.131964,0.11581100000000077,65226,64
30.132057,9.299999999967667e-05,65226,64
30.132102,4.500000000007276e-05,66,64
30.132119,1.699999999971169e-05,818,64
30.132147,2.800000000036107e-05,66,64
30.132183,3.600000000147929e-05,66,64
30.248957,0.11677399999999949,65226,64
30.249036,7.899999999949614e-05,65226,64
30.249078,4.2000000000541604e-05,818,64
30.249097,1.899999999821489e-05,66,64
30.249151,5.400000000221894e-05,66,64
30.364956,0.11580499999999816,65226,64
30.365028,7.199999999940587e-05,65226,64
30.365064,3.600000000147929e-05,818,64
30.365106,4.2000000000541604e-05,66,64
30.365145,3.8999999997457735e-05,66,64
30.481987,0.11684200000000189,65226,64
30.482105,0.00011800000000050659,65226,64
30.482156,5.099999999913507e-05,818,64
30.482242,8.599999999958641e-05,66,64
30.59799,0.11574799999999996,65226,64
30.598069,7.899999999949614e-05,65226,64
30.59812,5.1000000002687784e-05,818,64
30.59813,9.999999999621423e-06,66,64
30.598175,4.500000000007276e-05,66,64
30.714992,0.1168169999999975,65226,64
30.715071000000002,7.900000000304885e-05,65226,64
30.7151,2.8999999997836312e-05,66,64
30.715106,5.999999999062311e-06,818,64
30.715138,3.200000000092018e-05,66,64
30.715173,3.500000000045134e-05,66,64
30.831975,0.11680199999999985,65226,64
30.832096,0.00012100000000003774,65226,64
30.83214,4.39999999990448e-05,818,64
30.832151,1.100000000064938e-05,66,64
30.832206,5.499999999969418e-05,66,64
30.947952,0.11574600000000146,65226,64
30.948004,5.200000000016303e-05,65226,64
30.948032,2.800000000036107e-05,818,64
30.948046,1.4000000000180535e-05,66,64
30.948096,4.9999999998107114e-05,66,64
31.064971,0.11687500000000028,65226,64
31.065033,6.199999999978445e-05,65226,64
31.065063,2.999999999886427e-05,818,64
31.065105,4.2000000000541604e-05,66,64
31.065147,4.2000000000541604e-05,66,64
31.180954,0.11580700000000022,65226,64
31.181067,0.00011299999999891952,65226,64
31.181112,4.500000000007276e-05,818,64
31.181124,1.2000000001677336e-05,66,64
31.181179,5.499999999969418e-05,66,64
31.297989,0.11681000000000097,65226,64
31.298065,7.599999999996498e-05,65226,64
31.298121,5.5999999997169425e-05,818,64
31.298244,0.00012300000000209366,66,64
31.413985,0.11574099999999987,65226,64
31.414069,8.400000000108321e-05,65226,64
31.414097,2.800000000036107e-05,818,64
31.414165,6.799999999884676e-05,66,64
31.530949,0.11678399999999911,65226,64
31.531013,6.400000000184036e-05,65226,64
31.531041,2.7999999996808356e-05,818,64
31.531044,3.000000003083869e-06,66,64
31.531079,3.499999999689862e-05,66,64
31.646955,0.11587600000000009,65226,64
31.647036,8.100000000155205e-05,65226,64
31.647077,4.099999999951365e-05,818,64
31.647077,0.0,66,64
31.647115,3.799999999998249e-05,66,64
31.76394,0.11682500000000218,65226,64
31.76399,4.9999999998107114e-05,65226,64
31.764011,2.1000000000270802e-05,818,64
31.764075,6.399999999828765e-05,66,64
31.879945,0.11587000000000103,65226,64
31.880009,6.400000000184036e-05,65226,64
31.880037,2.800000000036107e-05,818,64
31.88029,0.00025299999999717215,66,64
31.996957,0.11666699999999963,65226,64
31.997036,7.900000000304885e-05,65226,64
31.997082,4.5999999997548e-05,818,64
31.997102,2.000000000279556e-05,66,64
31.997158,5.5999999997169425e-05,66,64
32.112959,0.1158009999999976,65226,64
32.113033,7.40000000050145e-05,65226,64
32.11307,3.6999999998954536e-05,818,64
32.113089,1.9000000001767603e-05,66,64
32.113137,4.7999999999603915e-05,66,64
32.229969,0.11683199999999516,65226,64
32.230082,0.00011300000000602495,65226,64
32.230131,4.899999999707916e-05,66,64
32.230138,6.999999996537554e-06,818,64
32.230177,3.900000000101045e-05,66,64
32.230212,3.500000000400405e-05,66,64
32.345956,0.1157439999999994,65226,64
32.346035,7.899999999949614e-05,65226,64
32.346077,4.2000000000541604e-05,818,64
32.346096,1.9000000001767603e-05,66,64
32.346163,6.699999999426609e-05,66,64
32.462991,0.11682800000000526,65226,64
32.463071,7.999999999697138e-05,65226,64
32.463108,3.6999999998954536e-05,818,64
32.463134,2.5999999998305157e-05,66,64
32.46318,4.600000000465343e-05,66,64
32.578957,0.11577700000000135,65226,64
32.579045,8.79999999980896e-05,65226,64
32.57908,3.499999999689862e-05,818,64
32.579096,1.6000000002236447e-05,66,64
32.579143,4.700000000212867e-05,66,64
32.695941,0.11679799999999574,65226,64
32.695992,5.099999999913507e-05,65226,64
32.69602,2.800000000036107e-05,818,64
32.696085,6.49999999993156e-05,66,64
32.811939,0.1158540000000059,65226,64
32.811992000000004,5.300000000119098e-05,65226,64
32.81202,2.7999999993255642e-05,818,64
32.812075,5.5000000003246896e-05,66,64
32.928937,0.11686199999999758,65226,64
32.928994,5.700000000530281e-05,65226,64
32.929017,2.2999999998774e-05,818,64
32.929251,0.00023399999999895726,66,64
33.044964,0.11571299999999951,65226,64
33.045054,9.000000000014552e-05,65226,64
33.045087,3.300000000194814e-05,66,64
33.045109,2.199999999419333e-05,818,64
33.045128,1.9000000001767603e-05,66,64
33.045154,2.5999999998305157e-05,66,64
33.099958,0.054804000000004294,67,64
33.100056,9.800000000126374e-05,66,64
33.100116,5.999999999772854e-05,67,64
33.100129,1.3000000002705292e-05,66,64
33.1002,7.099999999837792e-05,70,64
33.103743,0.003543000000000518,66,64
33.147792,0.044049000000001115,66,64
33.147812,1.9999999999242846e-05,347,64
33.147843,3.0999999999892225e-05,66,64
33.147943,9.999999999621423e-05,70,64
33.191754,0.04381100000000515,66,64
33.191814,5.999999999772854e-05,339,64
33.191825,1.100000000064938e-05,66,64
33.19203,0.00020500000000112095,66,64
33.192076,4.5999999997548e-05,66,64
33.19215,7.399999999790907e-05,67,64
33.192181,3.0999999999892225e-05,66,64
33.192249,6.799999999884676e-05,66,64
