log10_frequency,log10_power,aggregation_level,hurst_estimate
-3.000434077479319,9.999057263895915,1,0.0672613432585011
-2.699404081815337,9.790606319807685,1,0.0672613432585011
-2.523312822759656,9.470128083739867,1,0.0672613432585011
-2.3983740861513563,9.180884776065042,1,0.0672613432585011
-2.3014640731433,9.33853858143098,1,0.0672613432585011
-2.222282827095675,8.784294642943747,1,0.0672613432585011
-2.155336037465062,8.806279230796068,1,0.0672613432585011
-2.097344090487375,8.73477883466176,1,0.0672613432585011
-2.0461915680399936,9.325413648667205,1,0.0672613432585011
-2.000434077479319,8.807795415954361,1,0.0672613432585011
-1.9590413923210936,8.836173453573634,1,0.0672613432585011
-1.921252831431694,9.025881175732696,1,0.0672613432585011
-1.8864907251724816,9.090794618428973,1,0.0672613432585011
-1.8543060418010808,8.011716953670184,1,0.0672613432585011
-1.8243428184236372,8.551486773861088,1,0.0672613432585011
-1.7963140948233938,8.582363837977447,1,0.0672613432585011
-1.769985156101045,8.79201721562297,1,0.0672613432585011
-1.7451615723760123,9.227291654308855,1,0.0672613432585011
-1.7216804765264897,7.778001879538088,1,0.0672613432585011
-1.6994040818153375,9.056012705466822,1,0.0672613432585011
-1.6782147827453993,9.15569846750855,1,0.0672613432585011
-1.6580113966571124,9.321278539929196,1,0.0672613432585011
-1.6387062414617255,7.331743458502376,1,0.0672613432585011
-1.6202228357677126,9.208303398026908,1,0.0672613432585011
-1.602494068807281,8.184706303144274,1,0.0672613432585011
-1.5854607295085006,7.860126861969589,1,0.0672613432585011
-1.5690703133203314,8.481593025467902,1,0.0672613432585011
-1.5532760461370994,9.0852690634663,1,0.0672613432585011
-1.5380360795803625,9.420262034029854,1,0.0672613432585011
-1.5233128227596562,8.408132040767038,1,0.0672613432585011
-1.509072383645046,7.933507088445579,1,0.0672613432585011
-1.4952840991594127,8.560608204082799,1,0.0672613432585011
-1.4819201376014313,8.036787524989006,1,0.0672613432585011
-1.4689551604370634,8.765049854479965,1,0.0672613432585011
-1.4563660331290431,8.3845114639021,1,0.0672613432585011
-1.4441315767120313,8.100399572976729,1,0.0672613432585011
-1.4322323534123236,7.914358785849829,1,0.0672613432585011
-1.4206504808625084,8.908565987909277,1,0.0672613432585011
-1.4093694704528197,9.087186042566332,1,0.0672613432585011
-1.3983740861513565,8.72466159711576,1,0.0672613432585011
-1.387650220759583,8.710638679712673,1,0.0672613432585011
-1.3771847870814182,9.261201503682376,1,0.0672613432585011
-1.366965621899732,8.570971771211186,1,0.0672613432585011
-1.3569814009931314,8.672401540137214,1,0.0672613432585011
-1.347221563703975,8.597209179033724,1,0.0672613432585011
-1.3376762457977445,8.39197348930555,1,0.0672613432585011
-1.3283362195436013,8.995408963357043,1,0.0672613432585011
-1.3191928401037314,8.832352826418154,1,0.0672613432585011
-1.310237997450805,8.380208474892264,1,0.0672613432585011
-1.3014640731432998,8.46076767165682,1,0.0672613432585011
-1.2928639013813823,9.133545852443648,1,0.0672613432585011
-1.2844307338445191,7.890458279953708,1,0.0672613432585011
-1.2761582078785296,8.59957426878447,1,0.0672613432585011
-1.2680403176563502,8.708748518308536,1,0.0672613432585011
-1.260071387985075,8.594467358960872,1,0.0672613432585011
-1.2522460504731183,9.101203448334754,1,0.0672613432585011
-1.244559221806827,8.25441124527294,1,0.0672613432585011
-1.2370060839163814,7.948952231775757,1,0.0672613432585011
-1.2295820658371743,8.340158152398528,1,0.0672613432585011
-1.222282827095675,8.480815662968006,1,0.0672613432585011
-1.2151042424685516,7.851604024005445,1,0.0672613432585011
-1.208042387981065,8.369559542233537,1,0.0672613432585011
-1.2010935280257369,8.256395406135171,1,0.0672613432585011
-1.1942541034954317,8.355767159902337,1,0.0672613432585011
-1.187520720836463,7.74932249174529,1,0.0672613432585011
-1.18089014193745,7.366904789616305,1,0.0672613432585011
-1.1743592747784923,7.883806515174308,1,0.0672613432585011
-1.1679251647730824,8.689718502522734,1,0.0672613432585011
-1.1615849867420631,8.243958408781616,1,0.0672613432585011
-1.155336037465062,7.8530015383155645,1,0.0672613432585011
-1.149175728760243,8.642462710841334,1,0.0672613432585011
-1.1431015810480505,7.765380890979128,1,0.0672613432585011
-1.137111217358863,8.444580214514726,1,0.0672613432585011
-1.1312023577483423,8.706358710321608,1,0.0672613432585011
-1.1253728140876187,7.429460873673249,1,0.0672613432585011
-1.1196204851985274,7.590740939672165,1,0.0672613432585011
-1.1139433523068367,7.764029247728213,1,0.0672613432585011
-1.1083394747888382,8.499896075161956,1,0.0672613432585011
-1.1028069861888772,7.851576473092706,1,0.0672613432585011
-1.097344090487375,7.883945404967698,1,0.0672613432585011
-1.0919490586006688,8.117408863085805,1,0.0672613432585011
-1.086620225095602,8.196175892081067,1,0.0672613432585011
-1.0813559851032448,8.68704765319621,1,0.0672613432585011
-1.076154791417437,8.496614663369932,1,0.0672613432585011
-1.071015151765026,8.220910266807339,1,0.0672613432585011
-1.0659356262357509,7.76719239123115,1,0.0672613432585011
-1.0609148248607,6.678449306187958,1,0.0672613432585011
-1.05595140532915,7.598457799737626,1,0.0672613432585011
-1.0510440708344058,8.603782648736606,1,0.0672613432585011
-1.0461915680399938,8.044639054774514,1,0.0672613432585011
-1.041392685158225,7.883814101557665,1,0.0672613432585011
-1.0366462501337634,8.263220047478356,1,0.0672613432585011
-1.0319511289253835,7.7565445080316096,1,0.0672613432585011
-1.02730622387962,8.334536191211017,1,0.0672613432585011
-1.0227104721904707,8.195996106479468,1,0.0672613432585011
-1.01816284443975,7.586008472043915,1,0.0672613432585011
-1.0136623432130738,8.915992409077775,1,0.0672613432585011
-1.0092080017868237,7.905573721360928,1,0.0672613432585011
-1.0047988828817689,8.510495669274466,1,0.0672613432585011
-1.0004340774793186,8.600586037465277,1,0.0672613432585011
-0.996112703696676,7.316810127266767,1,0.0672613432585011
-0.991833905717401,7.787790884044069,1,0.0672613432585011
-0.9875968527741464,8.60421389821504,1,0.0672613432585011
-0.9834007381805384,8.101329901506821,1,0.0672613432585011
-0.9792447784093804,8.110028343565956,1,0.0672613432585011
-0.9751282122145484,8.195420516379462,1,0.0672613432585011
-0.971050299794109,8.257801673710258,1,0.0672613432585011
-0.9670103219923688,8.54952494703874,1,0.0672613432585011
-0.963007579538695,8.434143197758148,1,0.0672613432585011
-0.9590413923210936,7.516597451707615,1,0.0672613432585011
-0.9551110986926612,8.724076181264113,1,0.0672613432585011
-0.9512160548091372,8.143863865196657,1,0.0672613432585011
-0.947355633995899,8.051406755071312,1,0.0672613432585011
-0.943529226142846,7.913551071560615,1,0.0672613432585011
-0.939736237125707,7.841675844071363,1,0.0672613432585011
-0.9359760882524002,7.603847541240057,1,0.0672613432585011
-0.932248215733157,8.115959113157372,1,0.0672613432585011
-0.9285520701731932,8.09006582434047,1,0.0672613432585011
-0.924887116086788,8.104169554111555,1,0.0672613432585011
-0.9212528314316938,7.884446196481454,1,0.0672613432585011
-0.9176487071628684,8.527245279148495,1,0.0672613432585011
-0.9140742468045704,8.260522906832358,1,0.0672613432585011
-0.9105289660399208,8.379360739497434,1,0.0672613432585011
-0.9070123923170836,7.695785328587504,1,0.0672613432585011
-0.9035240644712622,7.652112899762939,1,0.0672613432585011
-0.9000635323617556,8.845443456820025,1,0.0672613432585011
-0.8966303565233618,8.432036988233326,1,0.0672613432585011
-0.8932241078314502,7.35608685673153,1,0.0672613432585011
-0.8898443671800698,7.166732349725672,1,0.0672613432585011
-0.8864907251724818,7.813985695877021,1,0.0672613432585011
-0.8831627818235543,8.191182806598976,1,0.0672613432585011
-0.8798601462734688,7.932161249177684,1,0.0672613432585011
-0.8765824365122329,8.13887652286386,1,0.0672613432585011
-0.8733292791145111,8.425204003136184,1,0.0672613432585011
-0.8701003089843125,8.533715055990301,1,0.0672613432585011
-0.8668951691091011,9.085710153682664,1,0.0672613432585011
-0.8637135103229119,7.978188050275803,1,0.0672613432585011
-0.8605549910780821,8.321784315741121,1,0.0672613432585011
-0.8574192772252236,8.65084508434569,1,0.0672613432585011
-0.8543060418010806,8.51023036542578,1,0.0672613432585011
-0.8512149648239387,8.614711050683864,1,0.0672613432585011
-0.8481457330962622,8.093474324086783,1,0.0672613432585011
-0.8450980400142569,7.996949699281626,1,0.0672613432585011
-0.842071585384069,7.231945902740136,1,0.0672613432585011
-0.8390660752443437,8.580593883581662,1,0.0672613432585011
-0.8360812216948815,8.428505038674846,1,0.0672613432585011
-0.8331167427311426,7.951418383915651,1,0.0672613432585011
-0.8301723620843613,7.765256225297106,1,0.0672613432585011
-0.8272478090670445,8.774722589268595,1,0.0672613432585011
-0.8243428184236374,8.028998962462545,1,0.0672613432585011
-0.8214571301861492,8.577625991559772,1,0.0672613432585011
-0.8185904895345462,8.654756347318171,1,0.0672613432585011
-0.8157426466617199,6.983481280115372,1,0.0672613432585011
-0.8129133566428556,7.34412938667358,1,0.0672613432585011
-0.8101023793090272,7.320117437049363,1,0.0672613432585011
-0.8073094791248571,7.487059462953986,1,0.0672613432585011
-0.804534425070085,7.848506997229589,1,0.0672613432585011
-0.8017769905248959,7.783148800469183,1,0.0672613432585011
-0.7990369531588671,8.383684116570963,1,0.0672613432585011
-0.7963140948233939,7.881973344765452,1,0.0672613432585011
-0.7936082014474689,8.108926516429094,1,0.0672613432585011
-0.7909190629366878,7.370060851555377,1,0.0672613432585011
-0.7882464730753608,8.078096073803241,1,0.0672613432585011
-0.7855902294316208,7.920902582644839,1,0.0672613432585011
-0.7829501332654124,8.356309488189577,1,0.0672613432585011
-0.7803259894392636,8.675927110152255,1,0.0672613432585011
-0.7777176063317354,8.141175795862718,1,0.0672613432585011
-0.7751247957534557,8.455033481195061,1,0.0672613432585011
-0.7725473728656451,6.429018754276218,1,0.0672613432585011
-0.7699851561010447,8.116893667597603,1,0.0672613432585011
-0.7674379670871648,8.119957580831723,1,0.0672613432585011
-0.7649056305717697,8.345130662954396,1,0.0672613432585011
-0.7623879743505232,8.642473040963935,1,0.0672613432585011
-0.759884829196719,8.923928073148923,1,0.0672613432585011
-0.7573960287930241,8.580816791942812,1,0.0672613432585011
-0.7549214096651689,7.994015892064428,1,0.0672613432585011
-0.752460811117512,8.15055387828412,1,0.0672613432585011
-0.7500140751704246,6.59571584901199,1,0.0672613432585011
-0.7475810464994255,8.366927366658212,1,0.0672613432585011
-0.7451615723760125,8.402178704054016,1,0.0672613432585011
-0.7427555026101341,8.725611799529503,1,0.0672613432585011
-0.7403626894942439,8.881847664347083,1,0.0672613432585011
-0.7379829877488892,8.608732439395263,1,0.0672613432585011
-0.7356162544697822,8.618702288179403,1,0.0672613432585011
-0.7332623490763048,7.630066684666142,1,0.0672613432585011
-0.7309211332614023,8.32136861564512,1,0.0672613432585011
-0.7285924709428196,7.945275567222188,1,0.0672613432585011
-0.7262762282156388,8.914135523643395,1,0.0672613432585011
-0.7239722733060745,7.910280071355523,1,0.0672613432585011
-0.7216804765264897,8.634997921261345,1,0.0672613432585011
-0.7194007102315911,8.381711331993689,1,0.0672613432585011
-0.717132848775769,8.321422524227176,1,0.0672613432585011
-0.7148767684715449,8.377495331793664,1,0.0672613432585011
-0.7126323475490927,8.512877797521874,1,0.0672613432585011
-0.7103994661168006,7.748571924192246,1,0.0672613432585011
-0.7081780061228425,8.857785371623095,1,0.0672613432585011
-0.7059678513177257,7.48638738567668,1,0.0672613432585011
-0.7037688872177875,8.504851355613813,1,0.0672613432585011
-0.701581001069612,8.397016649914464,1,0.0672613432585011
-0.6994040818153374,9.094465367250434,1,0.0672613432585011
-0.6972380200588297,8.15680294099537,1,0.0672613432585011
-0.6950827080326949,7.448222504693573,1,0.0672613432585011
-0.6929380395661058,7.796871537691582,1,0.0672613432585011
-0.6908039100534199,7.965529566178182,1,0.0672613432585011
-0.6886802164235644,7.753342788963784,1,0.0672613432585011
-0.6865668571101653,8.502412279294393,1,0.0672613432585011
-0.684463732022401,8.410298098219744,1,0.0672613432585011
-0.682370742516557,7.0891773293387255,1,0.0672613432585011
-0.6802877913682646,7.551478242420261,1,0.0672613432585011
-0.6782147827453994,8.113166352622104,1,0.0672613432585011
-0.6761516221816259,8.164421041152709,1,0.0672613432585011
-0.6740982165505672,8.06185420444553,1,0.0672613432585011
-0.6720544740405809,7.625494033206158,1,0.0672613432585011
-0.6700203041301278,8.44121991286303,1,0.0672613432585011
-0.6679956175637133,8.018568683874857,1,0.0672613432585011
-0.6659803263283878,7.611830466147135,1,0.0672613432585011
-0.6639743436307891,8.0143971732076,1,0.0672613432585011
-0.6619775838747138,8.183251865109838,1,0.0672613432585011
-0.6599899626392003,8.348708175930167,1,0.0672613432585011
-0.6580113966571124,8.214708416493286,1,0.0672613432585011
-0.656041803794208,6.570253557966918,1,0.0672613432585011
-0.6540811030286799,7.840797653561101,1,0.0672613432585011
-0.6521292144311579,7.920685364233761,1,0.0672613432585011
-0.6501860591451558,8.20122955228026,1,0.0672613432585011
-0.6482515593679562,8.460362552787066,1,0.0672613432585011
-0.6463256383319177,7.629469373865646,1,0.0672613432585011
-0.6444082202861959,7.894291647785703,1,0.0672613432585011
-0.6424992304788648,7.271330468196648,1,0.0672613432585011
-0.6405985951394306,7.853967427494883,1,0.0672613432585011
-0.6387062414617257,8.52350798043032,1,0.0672613432585011
-0.6368220975871743,7.925836140869633,1,0.0672613432585011
-0.6349460925884189,8.0849533677381,1,0.0672613432585011
-0.6330781564532997,7.939372691515964,1,0.0672613432585011
-0.6312182200691758,8.241924903751158,1,0.0672613432585011
-0.6293662152075824,7.372398888190552,1,0.0672613432585011
-0.627522074509212,8.635625311230418,1,0.0672613432585011
-0.6256857314692148,7.513807940725188,1,0.0672613432585011
-0.6238571204228067,8.27517286479506,1,0.0672613432585011
-0.6220361765311809,7.381747574109911,1,0.0672613432585011
-0.6202228357677126,7.59808207915685,1,0.0672613432585011
-0.6184170349044502,8.502119529468072,1,0.0672613432585011
-0.6166187114988874,8.065385138235355,1,0.0672613432585011
-0.6148278038810064,8.445447916293599,1,0.0672613432585011
-0.6130442511405892,8.25811616889449,1,0.0672613432585011
-0.6112679931147862,8.312941132938514,1,0.0672613432585011
-0.6094989703759395,6.925832913748886,1,0.0672613432585011
-0.6077371242196529,7.74234097166773,1,0.0672613432585011
-0.6059823966531024,6.849623270207548,1,0.0672613432585011
-0.6042347303835823,7.928259348876653,1,0.0672613432585011
-0.6024940688072811,8.104302208707017,1,0.0672613432585011
-0.6007603559982806,7.416764805251848,1,0.0672613432585011
-0.5990335366977745,7.757483786710686,1,0.0672613432585011
-0.5973135563035008,8.174458516945851,1,0.0672613432585011
-0.5956003608593805,7.965044842192548,1,0.0672613432585011
-0.5938938970453636,7.776679063901303,1,0.0672613432585011
-0.5921941121674691,8.315437621372357,1,0.0672613432585011
-0.5905009541480241,8.091566795717858,1,0.0672613432585011
-0.5888143715160885,8.82300147514732,1,0.0672613432585011
-0.5871343133980668,8.151944077675438,1,0.0672613432585011
-0.5854607295085007,7.386074425663598,1,0.0672613432585011
-0.5837935701410377,7.989780153756038,1,0.0672613432585011
-0.5821327861595731,7.446028922226253,1,0.0672613432585011
-0.5804783289895608,7.794133334452366,1,0.0672613432585011
-0.5788301506094875,8.053843044251872,1,0.0672613432585011
-0.5771882035425109,7.564122106329777,1,0.0672613432585011
-0.5755524408482517,7.986363154569115,1,0.0672613432585011
-0.5739228161147434,8.357953540940674,1,0.0672613432585011
-0.5722992834505298,7.976924915750783,1,0.0672613432585011
-0.5706817974769107,7.900556244925842,1,0.0672613432585011
-0.5690703133203313,8.619340861540156,1,0.0672613432585011
-0.567464786604913,7.896006163845451,1,0.0672613432585011
-0.5658651734451199,7.671357704430396,1,0.0672613432585011
-0.5642714304385626,8.733968651537683,1,0.0672613432585011
-0.5626835146589306,7.413275613892519,1,0.0672613432585011
-0.5611013836490559,8.495538379281925,1,0.0672613432585011
-0.559524995414101,8.114965589994998,1,0.0672613432585011
-0.55795430841487,8.546189529848585,1,0.0672613432585011
-0.5563892815612423,8.485464172317768,1,0.0672613432585011
-0.554829874205721,7.467868289529149,1,0.0672613432585011
-0.5532760461370994,8.686284992070485,1,0.0672613432585011
-0.5517277575742388,8.637327160772667,1,0.0672613432585011
-0.5501849691599575,7.590667006559394,1,0.0672613432585011
-0.5486476419550285,7.825979113926861,1,0.0672613432585011
-0.5471157374322809,7.8941797455591,1,0.0672613432585011
-0.5455892174708084,8.012125143517189,1,0.0672613432585011
-0.5440680443502757,7.282094805213837,1,0.0672613432585011
-0.5425521807453263,7.31302409119297,1,0.0672613432585011
-0.5410415897200878,7.070394849379698,1,0.0672613432585011
-0.5395362347227708,7.913564169717967,1,0.0672613432585011
-0.5380360795803625,6.855617182212318,1,0.0672613432585011
-0.5365410884934114,7.745099490912927,1,0.0672613432585011
-0.5350512260309004,8.536336183359586,1,0.0672613432585011
-0.5335664571252091,8.464418223258567,1,0.0672613432585011
-0.5320867470671613,7.920489368885789,1,0.0672613432585011
-0.5306120615011556,8.57788981687463,1,0.0672613432585011
-0.52914236642038,8.238142399736349,1,0.0672613432585011
-0.5276776281621063,8.118641555416817,1,0.0672613432585011
-0.5262178134030634,8.45809263727903,1,0.0672613432585011
-0.524762889154889,8.42687593628052,1,0.0672613432585011
-0.5233128227596562,7.558263385311197,1,0.0672613432585011
-0.5218675818854753,8.18964054407919,1,0.0672613432585011
-0.520427134522168,8.337258490574534,1,0.0672613432585011
-0.5189914489770137,8.666971047334586,1,0.0672613432585011
-0.5175604938705649,8.250783796132954,1,0.0672613432585011
-0.5161342381325328,8.285414539774742,1,0.0672613432585011
-0.5147126509977387,8.59521280206112,1,0.0672613432585011
-0.5132957020021321,8.506514083543445,1,0.0672613432585011
-0.5118833609788743,7.070910284916248,1,0.0672613432585011
-0.5104755980544841,8.183082903673395,1,0.0672613432585011
-0.5090723836450459,8.123700337788506,1,0.0672613432585011
-0.5076736884524811,8.62009955992553,1,0.0672613432585011
-0.5062794834608758,7.856204959154763,1,0.0672613432585011
-0.5048897399328701,8.762259342457714,1,0.0672613432585011
-0.5035044294061037,8.972688722244058,1,0.0672613432585011
-0.5021235236897181,8.498590714535652,1,0.0672613432585011
-0.5007469948609148,7.304523529879725,1,0.0672613432585011
-0.4993748152615671,8.557335253770258,1,0.0672613432585011
-0.4980069574948859,7.898452766144804,1,0.0672613432585011
-0.4966433944221375,8.690514819804852,1,0.0672613432585011
-0.4952840991594126,8.653507559023609,1,0.0672613432585011
-0.4939290450744465,8.276625112495054,1,0.0672613432585011
-0.4925782057834877,7.866323866727017,1,0.0672613432585011
-0.4912315551482157,7.969754693793932,1,0.0672613432585011
-0.4898890672727065,7.677069217901427,1,0.0672613432585011
-0.4885507165004442,8.171803796886524,1,0.0672613432585011
-0.4872164774113796,7.935653145890113,1,0.0672613432585011
-0.4858863248190326,8.035636827061182,1,0.0672613432585011
-0.4845602337676395,7.630354354364635,1,0.0672613432585011
-0.4832381795293444,8.031939964289668,1,0.0672613432585011
-0.4819201376014311,8.360448034254768,1,0.0672613432585011
-0.4806060837035998,7.501149926727865,1,0.0672613432585011
-0.4792959937752823,6.886258171719833,1,0.0672613432585011
-0.4779898439729987,8.262568762204499,1,0.0672613432585011
-0.4766876106677541,8.663781373163399,1,0.0672613432585011
-0.4753892704424733,8.427568688363012,1,0.0672613432585011
-0.4740948000894746,8.39643502655885,1,0.0672613432585011
-0.47280417660798,8.038910877887936,1,0.0672613432585011
-0.4715173772016638,8.192335715845667,1,0.0672613432585011
-0.4702343792762364,7.839165707376321,1,0.0672613432585011
-0.4689551604370635,7.846786667871868,1,0.0672613432585011
-0.4676796984868209,8.46571809280039,1,0.0672613432585011
-0.4664079714231836,8.551195213728366,1,0.0672613432585011
-0.4651399574365481,7.179988783636336,1,0.0672613432585011
-0.4638756349077885,8.704329160036819,1,0.0672613432585011
-0.4626149824060445,8.19266005996354,1,0.0672613432585011
-0.461357978686542,8.38314846754528,1,0.0672613432585011
-0.460104602688445,8.22417533134263,1,0.0672613432585011
-0.4588548335327377,8.299798865769015,1,0.0672613432585011
-0.4576086505201387,8.207314903081647,1,0.0672613432585011
-0.456366033129043,7.276209557181219,1,0.0672613432585011
-0.4551269610134945,7.632179445906696,1,0.0672613432585011
-0.4538914140011876,8.085316959728953,1,0.0672613432585011
-0.4526593720914961,7.951838084441388,1,0.0672613432585011
-0.4514308154535308,8.515673660273125,1,0.0672613432585011
-0.4502057244242246,7.227840563602558,1,0.0672613432585011
-0.4489840795064435,7.748081963776021,1,0.0672613432585011
-0.4477658613671254,7.64015202610461,1,0.0672613432585011
-0.4465510508354443,8.077881010399512,1,0.0672613432585011
-0.4453396289009995,8.139090425031874,1,0.0672613432585011
-0.4441315767120314,8.132045266559734,1,0.0672613432585011
-0.4429268755736607,7.21690111910021,1,0.0672613432585011
-0.4417255069461528,8.034823165857052,1,0.0672613432585011
-0.4405274524432061,8.113257301847442,1,0.0672613432585011
-0.4393326938302626,7.178007965466026,1,0.0672613432585011
-0.438141213022844,8.345408010453246,1,0.0672613432585011
-0.436952992084908,8.419521102466206,1,0.0672613432585011
-0.4357680132272292,8.17940310693665,1,0.0672613432585011
-0.434586258805801,7.357724750399032,1,0.0672613432585011
-0.4334077113202582,7.928766514048387,1,0.0672613432585011
-0.4322323534123237,8.482766120462106,1,0.0672613432585011
-0.4310601678642728,7.371136834207309,1,0.0672613432585011
-0.4298911375974211,7.839974508836679,1,0.0672613432585011
-0.4287252456706311,8.325425060207863,1,0.0672613432585011
-0.4275624752788385,6.933742426827797,1,0.0672613432585011
-0.4264028097515997,8.795259085606414,1,0.0672613432585011
-0.4252462325516576,8.16790935792489,1,0.0672613432585011
-0.4240927272735257,8.240197902783851,1,0.0672613432585011
-0.4229422776420933,8.146123693925228,1,0.0672613432585011
-0.4217948675112463,5.775133880619606,1,0.0672613432585011
-0.4206504808625084,6.449399372247708,1,0.0672613432585011
-0.4195091018036993,8.081115357379467,1,0.0672613432585011
-0.4183707145676099,8.34448827578443,1,0.0672613432585011
-0.4172353035106959,6.996040371348022,1,0.0672613432585011
-0.4161028531117878,8.108637723912977,1,0.0672613432585011
-0.414973347970818,8.419194492863117,1,0.0672613432585011
-0.4138467728075637,8.216922975990727,1,0.0672613432585011
-0.4127231124604072,7.909208124981589,1,0.0672613432585011
-0.4116023518851114,7.338260869423503,1,0.0672613432585011
-0.4104844761536109,8.27035092709369,1,0.0672613432585011
-0.4093694704528194,8.343751473317448,1,0.0672613432585011
-0.4082573200834518,8.420332398594633,1,0.0672613432585011
-0.4071480104588614,8.025699148211118,1,0.0672613432585011
-0.4060415271038919,8.052035455997085,1,0.0672613432585011
-0.4049378556537445,6.74509292777362,1,0.0672613432585011
-0.4038369818528584,7.402281934221768,1,0.0672613432585011
-0.4027388915538064,7.455586914472676,1,0.0672613432585011
-0.4016435707162036,7.829185205110575,1,0.0672613432585011
-0.4005510054056307,7.828152782211453,1,0.0672613432585011
-0.3994611817925704,7.656957954275785,1,0.0672613432585011
-0.3983740861513562,8.177041518675454,1,0.0672613432585011
-0.3972897048591363,8.394430680057592,1,0.0672613432585011
-0.3962080243948486,8.09034561157664,1,0.0672613432585011
-0.3951290313382091,7.719018941383589,1,0.0672613432585011
-0.3940527123687137,8.16251110810365,1,0.0672613432585011
-0.3929790542646501,7.2729202106581585,1,0.0672613432585011
-0.3919080439021245,7.926185690681617,1,0.0672613432585011
-0.3908396682540986,5.431555758119857,1,0.0672613432585011
-0.3897739143894386,7.383836878141,1,0.0672613432585011
-0.3887107694719768,7.991752310892477,1,0.0672613432585011
-0.3876502207595831,8.614411319648678,1,0.0672613432585011
-0.3865922556032494,8.398721192333497,1,0.0672613432585011
-0.385536861446184,8.034088008736346,1,0.0672613432585011
-0.3844840258229176,8.270710937349225,1,0.0672613432585011
-0.3834337363584197,7.554832272462546,1,0.0672613432585011
-0.3823859807672259,7.189741612166218,1,0.0672613432585011
-0.3813407468525758,8.498374092108802,1,0.0672613432585011
-0.3802980225055611,7.410725144980818,1,0.0672613432585011
-0.3792577957042834,7.556435043670796,1,0.0672613432585011
-0.3782200545130234,8.116611664514474,1,0.0672613432585011
-0.3771847870814181,7.991262983938686,1,0.0672613432585011
-0.3761519816436503,8.131636299978654,1,0.0672613432585011
-0.3751216265176448,8.827234664520772,1,0.0672613432585011
-0.3740937101042763,8.300381067053952,1,0.0672613432585011
-0.373068220886586,8.29746902821572,1,0.0672613432585011
-0.3720451474290071,7.941519957599463,1,0.0672613432585011
-0.3710244783765997,7.538511726340729,1,0.0672613432585011
-0.3700062024542948,8.349766145013342,1,0.0672613432585011
-0.3689903084661466,8.253549139542146,1,0.0672613432585011
-0.3679767852945944,7.914070065333244,1,0.0672613432585011
-0.3669656218997321,7.857296504621447,1,0.0672613432585011
-0.365956807318587,7.857908562877551,1,0.0672613432585011
-0.3649503306644066,8.110025572188672,1,0.0672613432585011
-0.3639461811259531,8.06713016233281,1,0.0672613432585011
-0.3629443479668079,8.123185566886846,1,0.0672613432585011
-0.3619448205246813,7.824823671964655,1,0.0672613432585011
-0.3609475882107326,7.925746012383989,1,0.0672613432585011
-0.3599526405088968,7.649771871390596,1,0.0672613432585011
-0.3589599669752191,7.761191452308621,1,0.0672613432585011
-0.3579695572371972,8.35024186070202,1,0.0672613432585011
-0.3569814009931312,7.774269978814818,1,0.0672613432585011
-0.35599548801148,6.621327754775205,1,0.0672613432585011
-0.3550118081302267,7.750909422283306,1,0.0672613432585011
-0.3540303512562491,7.705115649889538,1,0.0672613432585011
-0.3530511073646988,6.704390744019048,1,0.0672613432585011
-0.3520740664983871,8.459022478432555,1,0.0672613432585011
-0.3510992187671767,7.9237095208346275,1,0.0672613432585011
-0.3501265543473821,7.216399177225812,1,0.0672613432585011
-0.3491560634811746,7.395835877412449,1,0.0672613432585011
-0.3481877364759954,8.174985463367387,1,0.0672613432585011
-0.3472215637039749,6.797280285773488,1,0.0672613432585011
-0.3462575356013581,8.020710576010952,1,0.0672613432585011
-0.3452956426679365,7.840884137521952,1,0.0672613432585011
-0.3443358754664867,8.587019618585751,1,0.0672613432585011
-0.3433782246222147,8.449211010840676,1,0.0672613432585011
-0.3424226808222063,8.731993818611548,1,0.0672613432585011
-0.3414692348148836,6.958366382398544,1,0.0672613432585011
-0.3405178774094684,8.439380237246892,1,0.0672613432585011
-0.3395685994754495,7.130413049626963,1,0.0672613432585011
-0.3386213919420573,8.362233420580038,1,0.0672613432585011
-0.3376762457977446,7.899931980825293,1,0.0672613432585011
-0.3367331520896705,7.415366913233424,1,0.0672613432585011
-0.3357921019231931,7.688855719883677,1,0.0672613432585011
-0.3348530864613655,8.379609621968132,1,0.0672613432585011
-0.3339160969244377,8.40106601913873,1,0.0672613432585011
-0.3329811245893647,8.041974156878767,1,0.0672613432585011
-0.3320481607893185,8.406161526401743,1,0.0672613432585011
-0.3311171969132064,7.448652490270196,1,0.0672613432585011
-0.3301882244051946,8.056002880521728,1,0.0672613432585011
-0.3292612347642353,7.664385974185177,1,0.0672613432585011
-0.3283362195436012,7.623668986881338,1,0.0672613432585011
-0.3274131703504224,8.46327141551446,1,0.0672613432585011
-0.3264920788452308,8.087282497804694,1,0.0672613432585011
-0.3255729367415071,7.870752859571616,1,0.0672613432585011
-0.3246557358052335,7.068384678698975,1,0.0672613432585011
-0.3237404678544521,7.765710263981215,1,0.0672613432585011
-0.3228271247588254,7.608684267122554,1,0.0672613432585011
-0.3219156984392047,8.224855571012968,1,0.0672613432585011
-0.3210061808671998,5.81910120418654,1,0.0672613432585011
-0.3200985640647554,7.343040134946658,1,0.0672613432585011
-0.3191928401037314,6.55118997217466,1,0.0672613432585011
-0.3182890011054868,7.906270876345449,1,0.0672613432585011
-0.317387039240469,8.223897766832122,1,0.0672613432585011
-0.3164869467278065,7.50558985292167,1,0.0672613432585011
-0.3155887158349061,7.471041079986042,1,0.0672613432585011
-0.3146923388770549,8.098728289654758,1,0.0672613432585011
-0.3137978082170252,7.392246076266829,1,0.0672613432585011
-0.3129051162646843,8.218175561601338,1,0.0672613432585011
-0.312014255476608,7.838837220148928,1,0.0672613432585011
-0.3111252183556984,7.891982418559349,1,0.0672613432585011
-0.3102379974508049,8.147831077291114,1,0.0672613432585011
-0.3093525853563502,7.721533181283885,1,0.0672613432585011
-0.3084689747119583,8.039713919753227,1,0.0672613432585011
-0.3075871582020886,6.359568902468261,1,0.0672613432585011
-0.3067071285556717,8.240392743145508,1,0.0672613432585011
-0.3058288785457499,7.92749834118904,1,0.0672613432585011
-0.3049524009891212,7.7379761385659025,1,0.0672613432585011
-0.3040776887459865,7.468876661312001,1,0.0672613432585011
-0.3032047347196011,7.684705675018868,1,0.0672613432585011
-0.3023335318559287,7.149433684724703,1,0.0672613432585011
-0.3014640731432998,7.830268736045599,1,0.0672613432585011
-2.3010299956639813,10.694288936241646,5,-0.0906141784831233
-2.0,10.488405816525674,5,-0.0906141784831233
-1.8239087409443189,10.174727827168237,5,-0.0906141784831233
-1.6989700043360187,9.852541608747408,5,-0.0906141784831233
-1.6020599913279625,10.04073832095691,5,-0.0906141784831233
-1.5228787452803376,9.457720238798808,5,-0.0906141784831233
-1.4559319556497243,9.52165235956319,5,-0.0906141784831233
-1.3979400086720375,9.459962182419629,5,-0.0906141784831233
-1.3467874862246565,10.047845345328316,5,-0.0906141784831233
-1.3010299956639813,9.537687644063936,5,-0.0906141784831233
-1.259637310505756,9.553241048403432,5,-0.0906141784831233
-1.2218487496163564,9.7132506669585,5,-0.0906141784831233
-1.1870866433571443,9.78258001840246,5,-0.0906141784831233
-1.154901959985743,8.88681298765677,5,-0.0906141784831233
-1.1249387366083,9.21107928460901,5,-0.0906141784831233
-1.0969100130080565,9.273461064909336,5,-0.0906141784831233
-1.0705810742857071,9.565190874935736,5,-0.0906141784831233
-1.0457574905606752,9.879280658304518,5,-0.0906141784831233
-1.0222763947111522,7.710985429418611,5,-0.0906141784831233
-1.0,9.743027071499816,5,-0.0906141784831233
-0.978810700930062,9.825305453452716,5,-0.0906141784831233
-0.958607314841775,10.007543703696095,5,-0.0906141784831233
-0.9393021596463884,7.979771292772769,5,-0.0906141784831233
-0.9208187539523752,9.896694022832133,5,-0.0906141784831233
-0.9030899869919436,8.33099246923873,5,-0.0906141784831233
-0.8860566476931632,8.815161408188436,5,-0.0906141784831233
-0.8696662315049939,9.190012577125334,5,-0.0906141784831233
-0.8538719643217619,9.822190002530435,5,-0.0906141784831233
-0.8386319977650252,10.08547719235265,5,-0.0906141784831233
-0.8239087409443188,9.03126757971194,5,-0.0906141784831233
-0.8096683018297085,8.455158608656912,5,-0.0906141784831233
-0.7958800173440752,9.372022570303583,5,-0.0906141784831233
-0.7825160557860937,8.223164734614777,5,-0.0906141784831233
-0.7695510786217261,9.483773342022314,5,-0.0906141784831233
-0.7569619513137056,9.13292986126918,5,-0.0906141784831233
-0.744727494896694,8.979038317037956,5,-0.0906141784831233
-0.7328282715969863,8.492829818627344,5,-0.0906141784831233
-0.721246399047171,9.644951422729564,5,-0.0906141784831233
-0.7099653886374819,9.74495270100462,5,-0.0906141784831233
-0.6989700043360187,9.364280782175545,5,-0.0906141784831233
-0.6882461389442457,9.494064426366108,5,-0.0906141784831233
-0.6777807052660807,9.906204901299835,5,-0.0906141784831233
-0.6675615400843947,9.078479767061957,5,-0.0906141784831233
-0.6575773191777937,9.354872435531826,5,-0.0906141784831233
-0.6478174818886375,9.20685137572496,5,-0.0906141784831233
-0.638272163982407,8.975460404096099,5,-0.0906141784831233
-0.6289321377282637,9.699399385743844,5,-0.0906141784831233
-0.619788758288394,9.190321447503456,5,-0.0906141784831233
-0.6108339156354675,9.06079693758644,5,-0.0906141784831233
-0.6020599913279624,9.194930817152146,5,-0.0906141784831233
-0.5934598195660448,9.856767490173205,5,-0.0906141784831233
-0.585026652029182,8.909723997201162,5,-0.0906141784831233
-0.5767541260631921,9.374601237705033,5,-0.0906141784831233
-0.5686362358410126,9.50397072300284,5,-0.0906141784831233
-0.5606673061697374,8.781903603026203,5,-0.0906141784831233
-0.5528419686577808,9.645488814278162,5,-0.0906141784831233
-0.5451551399914898,8.798902509910342,5,-0.0906141784831233
-0.5376020021010439,7.825976129642957,5,-0.0906141784831233
-0.530177984021837,8.787714394176044,5,-0.0906141784831233
-0.5228787452803376,8.477820768957628,5,-0.0906141784831233
-0.5157001606532141,7.804851693553722,5,-0.0906141784831233
-0.5086383061657274,8.83390486737752,5,-0.0906141784831233
-0.5016894462103995,8.363292664184085,5,-0.0906141784831233
-0.494850021680094,8.29195243248644,5,-0.0906141784831233
-0.4881166390211255,8.36802471844859,5,-0.0906141784831233
-0.4814860601221125,9.089233533576664,5,-0.0906141784831233
-0.4749551929631547,8.449835685891994,5,-0.0906141784831233
-0.4685210829577448,9.264134091642346,5,-0.0906141784831233
-0.4621809049267258,9.034084305172476,5,-0.0906141784831233
-0.4559319556497243,8.962325584383734,5,-0.0906141784831233
-0.4497716469449059,9.150073631533436,5,-0.0906141784831233
-0.4436974992327127,7.75292828619494,5,-0.0906141784831233
-0.4377071355435253,8.861187288910763,5,-0.0906141784831233
-0.431798275933005,8.833724741192796,5,-0.0906141784831233
-0.4259687322722811,8.999969758125463,5,-0.0906141784831233
-0.4202164033831898,7.238561198252513,5,-0.0906141784831233
-0.4145392704914993,8.2798335579688,5,-0.0906141784831233
-0.4089353929735008,7.468053458040571,5,-0.0906141784831233
-0.4034029043735397,8.931825418865163,5,-0.0906141784831233
-0.3979400086720376,9.145106014707114,5,-0.0906141784831233
-0.3925449767853314,8.129502732307417,5,-0.0906141784831233
-0.3872161432802645,8.463243741334898,5,-0.0906141784831233
-0.3819519032879073,8.596331595306067,5,-0.0906141784831233
-0.3767507096020995,8.837301715421948,5,-0.0906141784831233
-0.3716110699496884,8.263411906071699,5,-0.0906141784831233
-0.3665315444204134,8.52686484925267,5,-0.0906141784831233
-0.3615107430453627,8.882048950579527,5,-0.0906141784831233
-0.3565473235138126,8.159403831958599,5,-0.0906141784831233
-0.3516399890190684,9.06651800667132,5,-0.0906141784831233
-0.3467874862246563,8.099912551939218,5,-0.0906141784831233
-0.3419886033428876,7.904473608611751,5,-0.0906141784831233
-0.3372421683184259,9.156519479723285,5,-0.0906141784831233
-0.332547047110046,8.92008411402549,5,-0.0906141784831233
-0.3279021420642825,8.295372054420913,5,-0.0906141784831233
-0.3233063903751334,7.679234281355807,5,-0.0906141784831233
-0.3187587626244128,8.74559580528748,5,-0.0906141784831233
-0.3142582613977364,8.480870614718873,5,-0.0906141784831233
-0.3098039199714863,9.047826529924777,5,-0.0906141784831233
-0.3053948010664313,8.928434584801497,5,-0.0906141784831233
-0.3010299956639812,9.061457907751253,5,-0.0906141784831233
-2.0,10.995551541084666,10,-0.1028497530816904
-1.6989700043360187,10.794131735313522,10,-0.1028497530816904
-1.5228787452803376,10.469098871129832,10,-0.1028497530816904
-1.3979400086720375,10.156207240255146,10,-0.1028497530816904
-1.3010299956639813,10.341338778189504,10,-0.1028497530816904
-1.2218487496163564,9.738738355212128,10,-0.1028497530816904
-1.154901959985743,9.863547047755672,10,-0.1028497530816904
-1.0969100130080565,9.67691052724911,10,-0.1028497530816904
-1.0457574905606752,10.34348800208147,10,-0.1028497530816904
-1.0,9.848741876937009,10,-0.1028497530816904
-0.958607314841775,9.751769442358908,10,-0.1028497530816904
-0.9208187539523752,10.017010457354491,10,-0.1028497530816904
-0.8860566476931632,10.01703406364864,10,-0.1028497530816904
-0.8538719643217619,9.02786540794802,10,-0.1028497530816904
-0.8239087409443188,9.430780321736242,10,-0.1028497530816904
-0.7958800173440752,9.627011417741798,10,-0.1028497530816904
-0.7695510786217261,9.753288090659098,10,-0.1028497530816904
-0.744727494896694,10.124459872027003,10,-0.1028497530816904
-0.721246399047171,8.323742251639684,10,-0.1028497530816904
-0.6989700043360187,9.961189057094058,10,-0.1028497530816904
-0.6777807052660807,10.1256929975138,10,-0.1028497530816904
-0.6575773191777937,10.26546107660943,10,-0.1028497530816904
-0.638272163982407,7.897951976523906,10,-0.1028497530816904
-0.619788758288394,10.119239614711894,10,-0.1028497530816904
-0.6020599913279624,6.986570143505854,10,-0.1028497530816904
-0.585026652029182,9.002634951902545,10,-0.1028497530816904
-0.5686362358410126,9.090820221793583,10,-0.1028497530816904
-0.5528419686577808,10.043516416730782,10,-0.1028497530816904
-0.5376020021010439,10.158498924632216,10,-0.1028497530816904
-0.5228787452803376,9.098135695408558,10,-0.1028497530816904
-0.5086383061657274,7.763986397232662,10,-0.1028497530816904
-0.494850021680094,9.17377529962634,10,-0.1028497530816904
-0.4814860601221125,8.875145403827837,10,-0.1028497530816904
-0.4685210829577448,9.801505757967618,10,-0.1028497530816904
-0.4559319556497243,9.05963469419302,10,-0.1028497530816904
-0.4436974992327127,9.067801086041923,10,-0.1028497530816904
-0.431798275933005,8.531298485038027,10,-0.1028497530816904
-0.4202164033831898,9.882179711326764,10,-0.1028497530816904
-0.4089353929735008,9.934683785547907,10,-0.1028497530816904
-0.3979400086720376,9.23879158610558,10,-0.1028497530816904
-0.3872161432802645,9.770137604595364,10,-0.1028497530816904
-0.3767507096020995,10.0426277387042,10,-0.1028497530816904
-0.3665315444204134,9.53675197215472,10,-0.1028497530816904
-0.3565473235138126,9.873319045438508,10,-0.1028497530816904
-0.3467874862246563,9.017220160544296,10,-0.1028497530816904
-0.3372421683184259,9.850740040019623,10,-0.1028497530816904
-0.3279021420642825,9.987127321029542,10,-0.1028497530816904
-0.3187587626244128,9.65774572210326,10,-0.1028497530816904
-0.3098039199714863,10.080287774381674,10,-0.1028497530816904
-0.3010299956639812,8.433139296048799,10,-0.1028497530816904
-1.3010299956639813,11.691237876140416,50,0.2282101303058617
-1.0,11.527604069549334,50,0.2282101303058617
-0.8239087409443187,11.103607371739336,50,0.2282101303058617
-0.6989700043360187,10.722092367802404,50,0.2282101303058617
-0.6020599913279624,11.002396594595451,50,0.2282101303058617
-0.5228787452803375,10.229306780994962,50,0.2282101303058617
-0.4559319556497243,10.48679543360208,50,0.2282101303058617
-0.3979400086720376,10.409828288994346,50,0.2282101303058617
-0.3467874862246563,10.45519345940067,50,0.2282101303058617
-0.3010299956639812,9.08866998941803,50,0.2282101303058617
-1.0,11.962632252974132,100,
-0.6989700043360187,11.85925111456864,100,
-0.5228787452803375,11.492946777343697,100,
-0.3979400086720376,10.378038064974527,100,
-0.3010299956639812,11.256178541796054,100,
-0.3010299956639812,9.34054164375181,500,
